Category_Name,Category_Url,Main_Category
Aardappelen,https://www.plus.nl/producten/aardappelen-groente-fruit/aardappelen,https://www.plus.nl/producten/aardappelen-groente-fruit
Groente,https://www.plus.nl/producten/aardappelen-groente-fruit/groente,https://www.plus.nl/producten/aardappelen-groente-fruit
Voorgesneden groente,https://www.plus.nl/producten/aardappelen-groente-fruit/voorgesneden-groente,https://www.plus.nl/producten/aardappelen-groente-fruit
Verse maaltijdpakketten en salades,https://www.plus.nl/producten/aardappelen-groente-fruit/verse-maaltijdpakketten-en-salades,https://www.plus.nl/producten/aardappelen-groente-fruit
Fruit,https://www.plus.nl/producten/aardappelen-groente-fruit/fruit,https://www.plus.nl/producten/aardappelen-groente-fruit
"Koken, tafelen, barbecue",https://www.plus.nl/producten/koken-non-food-service/koken-tafelen-barbecue,https://www.plus.nl/producten/koken-non-food-service
"Bad, douche, zeep (Oud)",https://www.plus.nl/producten/baby-drogisterij/bad-douche-zeep-oud-,https://www.plus.nl/producten/baby-drogisterij
"Kaarsen, lucifers, aanstekers, brandbare stoffen",https://www.plus.nl/producten/koken-non-food-service/kaarsen-lucifers-aanstekers-brandbare-stoffen,https://www.plus.nl/producten/koken-non-food-service
"Lampen, batterijen",https://www.plus.nl/producten/koken-non-food-service/lampen-batterijen,https://www.plus.nl/producten/koken-non-food-service
Babyvoeding,https://www.plus.nl/producten/baby-drogisterij/babyvoeding,https://www.plus.nl/producten/baby-drogisterij
"Luiers, doekjes",https://www.plus.nl/producten/baby-drogisterij/luiers-doekjes,https://www.plus.nl/producten/baby-drogisterij
Verzorging,https://www.plus.nl/producten/baby-drogisterij/verzorging,https://www.plus.nl/producten/baby-drogisterij
"Flessen, spenen, bekers",https://www.plus.nl/producten/baby-drogisterij/flessen-spenen-bekers,https://www.plus.nl/producten/baby-drogisterij
"Bad, douche",https://www.plus.nl/producten/baby-drogisterij/bad-douche,https://www.plus.nl/producten/baby-drogisterij
Deodorant,https://www.plus.nl/producten/baby-drogisterij/deodorant,https://www.plus.nl/producten/baby-drogisterij
Haarverzorging,https://www.plus.nl/producten/baby-drogisterij/haarverzorging,https://www.plus.nl/producten/baby-drogisterij
Mondverzorging,https://www.plus.nl/producten/baby-drogisterij/mondverzorging,https://www.plus.nl/producten/baby-drogisterij
Scheerbenodigheden,https://www.plus.nl/producten/baby-drogisterij/scheerbenodigheden,https://www.plus.nl/producten/baby-drogisterij
"Handzeep, handverzorging",https://www.plus.nl/producten/baby-drogisterij/handzeep-handverzorging,https://www.plus.nl/producten/baby-drogisterij
Huidverzorging,https://www.plus.nl/producten/baby-drogisterij/huidverzorging,https://www.plus.nl/producten/baby-drogisterij
Dameshygiëne,https://www.plus.nl/producten/baby-drogisterij/dameshygi-ne,https://www.plus.nl/producten/baby-drogisterij
Geneesmiddelen,https://www.plus.nl/producten/baby-drogisterij/geneesmiddelen,https://www.plus.nl/producten/baby-drogisterij
Vitamines en supplementen,https://www.plus.nl/producten/baby-drogisterij/vitamines-en-supplementen,https://www.plus.nl/producten/baby-drogisterij
"EHBO, pleisters, condooms, overig",https://www.plus.nl/producten/baby-drogisterij/ehbo-pleisters-condooms-overig,https://www.plus.nl/producten/baby-drogisterij
"Kantoorartikelen, knutselen",https://www.plus.nl/producten/koken-non-food-service/kantoorartikelen-knutselen,https://www.plus.nl/producten/koken-non-food-service
"Feestartikelen, versiering",https://www.plus.nl/producten/koken-non-food-service/feestartikelen-versiering,https://www.plus.nl/producten/koken-non-food-service
Tijdschriften,https://www.plus.nl/producten/koken-non-food-service/tijdschriften,https://www.plus.nl/producten/koken-non-food-service
Elektronica,https://www.plus.nl/producten/koken-non-food-service/elektronica,https://www.plus.nl/producten/koken-non-food-service
"Kleding, textiel",https://www.plus.nl/producten/koken-non-food-service/kleding-textiel,https://www.plus.nl/producten/koken-non-food-service
"Kledingonderhoud, schoenonderhoud",https://www.plus.nl/producten/koken-non-food-service/kledingonderhoud-schoenonderhoud,https://www.plus.nl/producten/koken-non-food-service
"Bloemen, planten, verzorging",https://www.plus.nl/producten/koken-non-food-service/bloemen-planten-verzorging,https://www.plus.nl/producten/koken-non-food-service
Optiek,https://www.plus.nl/producten/koken-non-food-service/optiek,https://www.plus.nl/producten/koken-non-food-service
Tabak,https://www.plus.nl/producten/koken-non-food-service/tabak,https://www.plus.nl/producten/koken-non-food-service
Hond,https://www.plus.nl/producten/huisdier/hond,https://www.plus.nl/producten/huisdier
Kat,https://www.plus.nl/producten/huisdier/kat,https://www.plus.nl/producten/huisdier
Knaagdieren,https://www.plus.nl/producten/huisdier/knaagdieren,https://www.plus.nl/producten/huisdier
Vogels,https://www.plus.nl/producten/huisdier/vogels,https://www.plus.nl/producten/huisdier
Dierenverzorging ,https://www.plus.nl/producten/huisdier/dierenverzorging,https://www.plus.nl/producten/huisdier
"Toiletpapier, keukenpapier, tissues ",https://www.plus.nl/producten/huishouden/toiletpapier-keukenpapier-tissues,https://www.plus.nl/producten/huishouden
"Wasmiddel, wasverzachter",https://www.plus.nl/producten/huishouden/wasmiddel-wasverzachter,https://www.plus.nl/producten/huishouden
Schoonmaakmiddelen,https://www.plus.nl/producten/huishouden/schoonmaakmiddelen,https://www.plus.nl/producten/huishouden
Luchtverfrissers,https://www.plus.nl/producten/huishouden/luchtverfrissers,https://www.plus.nl/producten/huishouden
"Folie, huishoudzakken",https://www.plus.nl/producten/huishouden/folie-huishoudzakken,https://www.plus.nl/producten/huishouden
"Afvalzakken, stofzuigerzakken",https://www.plus.nl/producten/huishouden/afvalzakken-stofzuigerzakken,https://www.plus.nl/producten/huishouden
Snoep,https://www.plus.nl/producten/snoep-koek-chips-zoutjes-noten/snoep,https://www.plus.nl/producten/snoep-koek-chips-zoutjes-noten
Drop,https://www.plus.nl/producten/snoep-koek-chips-zoutjes-noten/drop,https://www.plus.nl/producten/snoep-koek-chips-zoutjes-noten
Chocolade,https://www.plus.nl/producten/snoep-koek-chips-zoutjes-noten/chocolade,https://www.plus.nl/producten/snoep-koek-chips-zoutjes-noten
"Kauwgom, pepermunt, keelsnoepjes",https://www.plus.nl/producten/snoep-koek-chips-zoutjes-noten/kauwgom-pepermunt-keelsnoepjes,https://www.plus.nl/producten/snoep-koek-chips-zoutjes-noten
Koek,https://www.plus.nl/producten/snoep-koek-chips-zoutjes-noten/koek,https://www.plus.nl/producten/snoep-koek-chips-zoutjes-noten
"Chips, zoutjes",https://www.plus.nl/producten/snoep-koek-chips-zoutjes-noten/chips-zoutjes,https://www.plus.nl/producten/snoep-koek-chips-zoutjes-noten
Noten,https://www.plus.nl/producten/snoep-koek-chips-zoutjes-noten/noten,https://www.plus.nl/producten/snoep-koek-chips-zoutjes-noten
Toast,https://www.plus.nl/producten/snoep-koek-chips-zoutjes-noten/toast,https://www.plus.nl/producten/snoep-koek-chips-zoutjes-noten
Glutenvrij,https://www.plus.nl/producten/bewuste-voeding/glutenvrij,https://www.plus.nl/producten/bewuste-voeding
"Zoutarm, natriumarm",https://www.plus.nl/producten/bewuste-voeding/zoutarm-natriumarm,https://www.plus.nl/producten/bewuste-voeding
"Sportvoeding, afslankvoeding",https://www.plus.nl/producten/bewuste-voeding/sportvoeding-afslankvoeding,https://www.plus.nl/producten/bewuste-voeding
Suikerbewust,https://www.plus.nl/producten/bewuste-voeding/suikerbewust,https://www.plus.nl/producten/bewuste-voeding
"Natuurlijke, biologische voeding",https://www.plus.nl/producten/bewuste-voeding/natuurlijke-biologische-voeding,https://www.plus.nl/producten/bewuste-voeding
Superfood,https://www.plus.nl/producten/bewuste-voeding/superfood,https://www.plus.nl/producten/bewuste-voeding
IJs,https://www.plus.nl/producten/diepvries/ijs,https://www.plus.nl/producten/diepvries
Diepvries aardappelproducten,https://www.plus.nl/producten/diepvries/diepvries-aardappelproducten,https://www.plus.nl/producten/diepvries
Diepvries groente ,https://www.plus.nl/producten/diepvries/diepvries-groente,https://www.plus.nl/producten/diepvries
Diepvries fruit,https://www.plus.nl/producten/diepvries/diepvries-fruit,https://www.plus.nl/producten/diepvries
"Diepvries vlees, diepvries vis",https://www.plus.nl/producten/diepvries/diepvries-vlees-diepvries-vis,https://www.plus.nl/producten/diepvries
Diepvries  maaltijden,https://www.plus.nl/producten/diepvries/diepvries-maaltijden,https://www.plus.nl/producten/diepvries
Diepvries pizza,https://www.plus.nl/producten/diepvries/diepvries-pizza,https://www.plus.nl/producten/diepvries
Diepvries snacks,https://www.plus.nl/producten/diepvries/diepvries-snacks,https://www.plus.nl/producten/diepvries
"Diepvries gebak, bladerdeeg",https://www.plus.nl/producten/diepvries/diepvries-gebak-bladerdeeg,https://www.plus.nl/producten/diepvries
Diepvries dierenvoeding,https://www.plus.nl/producten/diepvries/diepvries-dierenvoeding,https://www.plus.nl/producten/diepvries
Soep,https://www.plus.nl/producten/soepen-conserven-sauzen-smaakmakers/soep,https://www.plus.nl/producten/soepen-conserven-sauzen-smaakmakers
Conserven,https://www.plus.nl/producten/soepen-conserven-sauzen-smaakmakers/conserven,https://www.plus.nl/producten/soepen-conserven-sauzen-smaakmakers
"Augurken, groenten in zuur, overig",https://www.plus.nl/producten/soepen-conserven-sauzen-smaakmakers/augurken-groenten-in-zuur-overig,https://www.plus.nl/producten/soepen-conserven-sauzen-smaakmakers
Kruiden en specerijen,https://www.plus.nl/producten/soepen-conserven-sauzen-smaakmakers/kruiden-en-specerijen,https://www.plus.nl/producten/soepen-conserven-sauzen-smaakmakers
Snacksauzen en mayonaise,https://www.plus.nl/producten/soepen-conserven-sauzen-smaakmakers/snacksauzen-en-mayonaise,https://www.plus.nl/producten/soepen-conserven-sauzen-smaakmakers
"Groente-, vlees-, vissauzen",https://www.plus.nl/producten/soepen-conserven-sauzen-smaakmakers/groente-vlees-vissauzen,https://www.plus.nl/producten/soepen-conserven-sauzen-smaakmakers
"Slasauzen, sladressings, slaversierders",https://www.plus.nl/producten/soepen-conserven-sauzen-smaakmakers/slasauzen-sladressings-slaversierders,https://www.plus.nl/producten/soepen-conserven-sauzen-smaakmakers
Jus,https://www.plus.nl/producten/soepen-conserven-sauzen-smaakmakers/jus,https://www.plus.nl/producten/soepen-conserven-sauzen-smaakmakers
Olie en frituurvetten,https://www.plus.nl/producten/soepen-conserven-sauzen-smaakmakers/olie-en-frituurvetten,https://www.plus.nl/producten/soepen-conserven-sauzen-smaakmakers
Azijn,https://www.plus.nl/producten/soepen-conserven-sauzen-smaakmakers/azijn,https://www.plus.nl/producten/soepen-conserven-sauzen-smaakmakers
Wijn (Oud),https://www.plus.nl/producten/wijn-bier-sterke-drank/wijn-oud-,https://www.plus.nl/producten/wijn-bier-sterke-drank
Wijn,https://www.plus.nl/producten/wijn-bier-sterke-drank/wijn,https://www.plus.nl/producten/wijn-bier-sterke-drank
Bier,https://www.plus.nl/producten/wijn-bier-sterke-drank/bier,https://www.plus.nl/producten/wijn-bier-sterke-drank
"Aperitieven, mixdranken",https://www.plus.nl/producten/wijn-bier-sterke-drank/aperitieven-mixdranken,https://www.plus.nl/producten/wijn-bier-sterke-drank
Sterke dranken,https://www.plus.nl/producten/wijn-bier-sterke-drank/sterke-dranken,https://www.plus.nl/producten/wijn-bier-sterke-drank
Siroop (Oud),https://www.plus.nl/producten/frisdrank-sappen-koffie-thee/siroop-oud-,https://www.plus.nl/producten/frisdrank-sappen-koffie-thee
Frisdrank,https://www.plus.nl/producten/frisdrank-sappen-koffie-thee/frisdrank,https://www.plus.nl/producten/frisdrank-sappen-koffie-thee
Water,https://www.plus.nl/producten/frisdrank-sappen-koffie-thee/water,https://www.plus.nl/producten/frisdrank-sappen-koffie-thee
Siroop,https://www.plus.nl/producten/frisdrank-sappen-koffie-thee/siroop,https://www.plus.nl/producten/frisdrank-sappen-koffie-thee
"Sappen, fruitdrank",https://www.plus.nl/producten/frisdrank-sappen-koffie-thee/sappen-fruitdrank,https://www.plus.nl/producten/frisdrank-sappen-koffie-thee
Drinkpakjes,https://www.plus.nl/producten/frisdrank-sappen-koffie-thee/drinkpakjes,https://www.plus.nl/producten/frisdrank-sappen-koffie-thee
"Koffie, koffiemelk, suiker",https://www.plus.nl/producten/frisdrank-sappen-koffie-thee/koffie-koffiemelk-suiker,https://www.plus.nl/producten/frisdrank-sappen-koffie-thee
Thee,https://www.plus.nl/producten/frisdrank-sappen-koffie-thee/thee,https://www.plus.nl/producten/frisdrank-sappen-koffie-thee
Verse zuivel,https://www.plus.nl/producten/zuivel-eieren-boter/verse-zuivel,https://www.plus.nl/producten/zuivel-eieren-boter
Houdbare zuivel,https://www.plus.nl/producten/zuivel-eieren-boter/houdbare-zuivel,https://www.plus.nl/producten/zuivel-eieren-boter
Eieren,https://www.plus.nl/producten/zuivel-eieren-boter/eieren,https://www.plus.nl/producten/zuivel-eieren-boter
"Boter, margarine",https://www.plus.nl/producten/zuivel-eieren-boter/boter-margarine,https://www.plus.nl/producten/zuivel-eieren-boter
Vruchtenbrood en overig (Oud),https://www.plus.nl/producten/brood-gebak-bakproducten/vruchtenbrood-en-overig-oud-,https://www.plus.nl/producten/brood-gebak-bakproducten
Brood,https://www.plus.nl/producten/brood-gebak-bakproducten/brood,https://www.plus.nl/producten/brood-gebak-bakproducten
"Zachte broodjes, bolletjes",https://www.plus.nl/producten/brood-gebak-bakproducten/zachte-broodjes-bolletjes,https://www.plus.nl/producten/brood-gebak-bakproducten
"Harde broodjes, snacks",https://www.plus.nl/producten/brood-gebak-bakproducten/harde-broodjes-snacks,https://www.plus.nl/producten/brood-gebak-bakproducten
Afbakbrood,https://www.plus.nl/producten/brood-gebak-bakproducten/afbakbrood,https://www.plus.nl/producten/brood-gebak-bakproducten
"Suikerbrood, vruchtenbrood",https://www.plus.nl/producten/brood-gebak-bakproducten/suikerbrood-vruchtenbrood,https://www.plus.nl/producten/brood-gebak-bakproducten
Luxe cake en koek,https://www.plus.nl/producten/brood-gebak-bakproducten/luxe-cake-en-koek,https://www.plus.nl/producten/brood-gebak-bakproducten
Vers gebak,https://www.plus.nl/producten/brood-gebak-bakproducten/vers-gebak,https://www.plus.nl/producten/brood-gebak-bakproducten
Bakproducten,https://www.plus.nl/producten/brood-gebak-bakproducten/bakproducten,https://www.plus.nl/producten/brood-gebak-bakproducten
Vleeswaren (Oud),https://www.plus.nl/producten/kaas-vleeswaren-tapas/vleeswaren-oud-,https://www.plus.nl/producten/kaas-vleeswaren-tapas
Kaas,https://www.plus.nl/producten/kaas-vleeswaren-tapas/kaas,https://www.plus.nl/producten/kaas-vleeswaren-tapas
Vleeswaren,https://www.plus.nl/producten/kaas-vleeswaren-tapas/vleeswaren,https://www.plus.nl/producten/kaas-vleeswaren-tapas
"Tapas, smeersels",https://www.plus.nl/producten/kaas-vleeswaren-tapas/tapas-smeersels,https://www.plus.nl/producten/kaas-vleeswaren-tapas
Salades,https://www.plus.nl/producten/kaas-vleeswaren-tapas/salades,https://www.plus.nl/producten/kaas-vleeswaren-tapas
Oosters,https://www.plus.nl/producten/pasta-rijst-internationale-keuken/oosters,https://www.plus.nl/producten/pasta-rijst-internationale-keuken
Antipasti en tapas,https://www.plus.nl/producten/pasta-rijst-internationale-keuken/antipasti-en-tapas,https://www.plus.nl/producten/pasta-rijst-internationale-keuken
Mexicaans,https://www.plus.nl/producten/pasta-rijst-internationale-keuken/mexicaans,https://www.plus.nl/producten/pasta-rijst-internationale-keuken
Maaltijdpakketten en maaltijdmixen,https://www.plus.nl/producten/pasta-rijst-internationale-keuken/maaltijdpakketten-en-maaltijdmixen,https://www.plus.nl/producten/pasta-rijst-internationale-keuken
Pasta- en maaltijdsauzen,https://www.plus.nl/producten/pasta-rijst-internationale-keuken/pasta-en-maaltijdsauzen,https://www.plus.nl/producten/pasta-rijst-internationale-keuken
Tomatenpuree en gepelde/gezeefde tomaten,https://www.plus.nl/producten/pasta-rijst-internationale-keuken/tomatenpuree-en-gepelde-gezeefde-tomaten,https://www.plus.nl/producten/pasta-rijst-internationale-keuken
Pasta,https://www.plus.nl/producten/pasta-rijst-internationale-keuken/pasta,https://www.plus.nl/producten/pasta-rijst-internationale-keuken
Rijst,https://www.plus.nl/producten/pasta-rijst-internationale-keuken/rijst,https://www.plus.nl/producten/pasta-rijst-internationale-keuken
"Mie, miehoen, noedels",https://www.plus.nl/producten/pasta-rijst-internationale-keuken/mie-miehoen-noedels,https://www.plus.nl/producten/pasta-rijst-internationale-keuken
Wereldkeuken,https://www.plus.nl/producten/pasta-rijst-internationale-keuken/wereldkeuken,https://www.plus.nl/producten/pasta-rijst-internationale-keuken
"Antipasti, tapas",https://www.plus.nl/producten/pasta-rijst-internationale-keuken/antipasti-tapas,https://www.plus.nl/producten/pasta-rijst-internationale-keuken
Broodbeleg zoet en hartig,https://www.plus.nl/producten/ontbijtgranen-broodbeleg-tussendoor/broodbeleg-zoet-en-hartig,https://www.plus.nl/producten/ontbijtgranen-broodbeleg-tussendoor
Ontbijtgranen,https://www.plus.nl/producten/ontbijtgranen-broodbeleg-tussendoor/ontbijtgranen,https://www.plus.nl/producten/ontbijtgranen-broodbeleg-tussendoor
"Crackers, knackebrod, roggebrood, rijstwafels",https://www.plus.nl/producten/ontbijtgranen-broodbeleg-tussendoor/crackers-knackebrod-roggebrood-rijstwafels,https://www.plus.nl/producten/ontbijtgranen-broodbeleg-tussendoor
Beschuit,https://www.plus.nl/producten/ontbijtgranen-broodbeleg-tussendoor/beschuit,https://www.plus.nl/producten/ontbijtgranen-broodbeleg-tussendoor
Ontbijtkoek,https://www.plus.nl/producten/ontbijtgranen-broodbeleg-tussendoor/ontbijtkoek,https://www.plus.nl/producten/ontbijtgranen-broodbeleg-tussendoor
Tussendoortjes,https://www.plus.nl/producten/ontbijtgranen-broodbeleg-tussendoor/tussendoortjes,https://www.plus.nl/producten/ontbijtgranen-broodbeleg-tussendoor
Oosterse maaltijden,https://www.plus.nl/producten/verse-kant-en-klaarmaaltijden/oosterse-maaltijden,https://www.plus.nl/producten/verse-kant-en-klaarmaaltijden
Wereldmaaltijden,https://www.plus.nl/producten/verse-kant-en-klaarmaaltijden/wereldmaaltijden,https://www.plus.nl/producten/verse-kant-en-klaarmaaltijden
Hollandse maaltijden,https://www.plus.nl/producten/verse-kant-en-klaarmaaltijden/hollandse-maaltijden,https://www.plus.nl/producten/verse-kant-en-klaarmaaltijden
Italiaanse maaltijden,https://www.plus.nl/producten/verse-kant-en-klaarmaaltijden/italiaanse-maaltijden,https://www.plus.nl/producten/verse-kant-en-klaarmaaltijden
Verse stoommaaltijden,https://www.plus.nl/producten/verse-kant-en-klaarmaaltijden/verse-stoommaaltijden,https://www.plus.nl/producten/verse-kant-en-klaarmaaltijden
Grill en gaar,https://www.plus.nl/producten/verse-kant-en-klaarmaaltijden/grill-en-gaar,https://www.plus.nl/producten/verse-kant-en-klaarmaaltijden
Verse pizza,https://www.plus.nl/producten/verse-kant-en-klaarmaaltijden/verse-pizza,https://www.plus.nl/producten/verse-kant-en-klaarmaaltijden
"Verse pasta, pastasauzen",https://www.plus.nl/producten/verse-kant-en-klaarmaaltijden/verse-pasta-pastasauzen,https://www.plus.nl/producten/verse-kant-en-klaarmaaltijden
Maaltijdsalades,https://www.plus.nl/producten/verse-kant-en-klaarmaaltijden/maaltijdsalades,https://www.plus.nl/producten/verse-kant-en-klaarmaaltijden
Verse soepen,https://www.plus.nl/producten/verse-kant-en-klaarmaaltijden/verse-soepen,https://www.plus.nl/producten/verse-kant-en-klaarmaaltijden
"Broodsnacks, wraps, quiches, hartige taart",https://www.plus.nl/producten/verse-kant-en-klaarmaaltijden/broodsnacks-wraps-quiches-hartige-taart,https://www.plus.nl/producten/verse-kant-en-klaarmaaltijden
"Pannenkoeken, poffertjes",https://www.plus.nl/producten/verse-kant-en-klaarmaaltijden/pannenkoeken-poffertjes,https://www.plus.nl/producten/verse-kant-en-klaarmaaltijden
"Rundvlees, varkensvlees",https://www.plus.nl/producten/vlees-kip-vis-vega/rundvlees-varkensvlees,https://www.plus.nl/producten/vlees-kip-vis-vega
"Kip, kalkoen",https://www.plus.nl/producten/vlees-kip-vis-vega/kip-kalkoen,https://www.plus.nl/producten/vlees-kip-vis-vega
"Vega, vleesvervangers",https://www.plus.nl/producten/vlees-kip-vis-vega/vega-vleesvervangers,https://www.plus.nl/producten/vlees-kip-vis-vega
"Wild, haas, konijn, kalf, lam",https://www.plus.nl/producten/vlees-kip-vis-vega/wild-haas-konijn-kalf-lam,https://www.plus.nl/producten/vlees-kip-vis-vega
Vis,https://www.plus.nl/producten/vlees-kip-vis-vega/vis,https://www.plus.nl/producten/vlees-kip-vis-vega
"Schaaldieren, schelpdieren",https://www.plus.nl/producten/vlees-kip-vis-vega/schaaldieren-schelpdieren,https://www.plus.nl/producten/vlees-kip-vis-vega
"Vlees voor BBQ, grill",https://www.plus.nl/producten/vlees-kip-vis-vega/vlees-voor-bbq-grill,https://www.plus.nl/producten/vlees-kip-vis-vega
"Vlees voor gourmet, fondue",https://www.plus.nl/producten/vlees-kip-vis-vega/vlees-voor-gourmet-fondue,https://www.plus.nl/producten/vlees-kip-vis-vega
"Vis voor BBQ, grill",https://www.plus.nl/producten/vlees-kip-vis-vega/vis-voor-bbq-grill,https://www.plus.nl/producten/vlees-kip-vis-vega
"Verse vleessauzen, vissauzen",https://www.plus.nl/producten/vlees-kip-vis-vega/verse-vleessauzen-vissauzen,https://www.plus.nl/producten/vlees-kip-vis-vega
