Brand_id,Brand_name,Date,Brand_url,Image_url,image_path
1,Book of the Month,2022 Q1-Desktop,https://baymard.com/ecommerce-design-examples/58-account-dashboard/10783-book-of-the-month,https://baymard-assets.imgix.net/benchmark_webpages/screenshots/10783/original/Account_Dashboard.png?w=250&h=250&dpr=2&auto=format&q=50&fit=crop&crop=focalpoint&fp-x=0.5&fp-y=0,full/1-Book of the Month.jpg
2,Rent the Runway,2022 Q1-Desktop,https://baymard.com/ecommerce-design-examples/58-account-dashboard/10685-rent-the-runway,https://baymard-assets.imgix.net/benchmark_webpages/screenshots/10685/original/Account_Dashboard_no_subs.png?w=250&h=250&dpr=2&auto=format&q=50&fit=crop&crop=focalpoint&fp-x=0.5&fp-y=0,full/2-Rent the Runway.jpg
6,BarkBox,2022 Q1-Desktop,https://baymard.com/ecommerce-design-examples/58-account-dashboard/10898-barkbox,https://baymard-assets.imgix.net/benchmark_webpages/screenshots/10898/original/Account_Dashboard.png?w=250&h=250&dpr=2&auto=format&q=50&fit=crop&crop=focalpoint&fp-x=0.5&fp-y=0,full/6-BarkBox.jpg
4,KiwiCo,2022 Q1-Desktop,https://baymard.com/ecommerce-design-examples/58-account-dashboard/10835-kiwico,https://baymard-assets.imgix.net/benchmark_webpages/screenshots/10835/original/Account_Dashboard.png?w=250&h=250&dpr=2&auto=format&q=50&fit=crop&crop=focalpoint&fp-x=0.5&fp-y=0,full/4-KiwiCo.jpg
8,Wayfair,2021 Q3-Desktop,https://baymard.com/ecommerce-design-examples/58-account-dashboard/9595-wayfair,https://baymard-assets.imgix.net/benchmark_webpages/screenshots/9595/original/wayfair-account-dashboard.png?w=250&h=250&dpr=2&auto=format&q=50&fit=crop&crop=focalpoint&fp-x=0.5&fp-y=0,full/8-Wayfair.jpg
5,Birchbox,2022 Q1-Desktop,https://baymard.com/ecommerce-design-examples/58-account-dashboard/10445-birchbox,https://baymard-assets.imgix.net/benchmark_webpages/screenshots/10445/original/Account_Dashboard.png?w=250&h=250&dpr=2&auto=format&q=50&fit=crop&crop=focalpoint&fp-x=0.5&fp-y=0,full/5-Birchbox.jpg
9,Dollar Shave Club,2022 Q1-Desktop,https://baymard.com/ecommerce-design-examples/58-account-dashboard/10618-dollar-shave-club,https://baymard-assets.imgix.net/benchmark_webpages/screenshots/10618/original/Account_Dashboard.png?w=250&h=250&dpr=2&auto=format&q=50&fit=crop&crop=focalpoint&fp-x=0.5&fp-y=0,full/9-Dollar Shave Club.jpg
10,Sephora,2021 Q3-Desktop,https://baymard.com/ecommerce-design-examples/58-account-dashboard/9558-sephora,https://baymard-assets.imgix.net/benchmark_webpages/screenshots/9558/original/sephora-account-dashboard.png?w=250&h=250&dpr=2&auto=format&q=50&fit=crop&crop=focalpoint&fp-x=0.5&fp-y=0,full/10-Sephora.jpg
3,Macy’s,2021 Q3-Desktop,https://baymard.com/ecommerce-design-examples/58-account-dashboard/9600-macys,https://baymard-assets.imgix.net/benchmark_webpages/screenshots/9600/original/macy-s-account-dashboard.png?w=250&h=250&dpr=2&auto=format&q=50&fit=crop&crop=focalpoint&fp-x=0.5&fp-y=0,full/3-Macy’s.jpg
13,Staples,2021 Q3-Desktop,https://baymard.com/ecommerce-design-examples/58-account-dashboard/9571-staples,https://baymard-assets.imgix.net/benchmark_webpages/screenshots/9571/original/staples-account-dashboard.jpg?w=250&h=250&dpr=2&auto=format&q=50&fit=crop&crop=focalpoint&fp-x=0.5&fp-y=0,full/13-Staples.jpg
12,Etsy,2021 Q3-Desktop,https://baymard.com/ecommerce-design-examples/58-account-dashboard/9636-etsy,https://baymard-assets.imgix.net/benchmark_webpages/screenshots/9636/original/etsy-account-dashboard.png?w=250&h=250&dpr=2&auto=format&q=50&fit=crop&crop=focalpoint&fp-x=0.5&fp-y=0,full/12-Etsy.jpg
15,IKEA,2021 Q3-Desktop,https://baymard.com/ecommerce-design-examples/58-account-dashboard/9545-ikea,https://baymard-assets.imgix.net/benchmark_webpages/screenshots/9545/original/ikea-account-dashboard.jpg?w=250&h=250&dpr=2&auto=format&q=50&fit=crop&crop=focalpoint&fp-x=0.5&fp-y=0,full/15-IKEA.jpg
14,Snowe,2021 Q4-Desktop,https://baymard.com/ecommerce-design-examples/58-account-dashboard/9774-snowe,https://baymard-assets.imgix.net/benchmark_webpages/screenshots/9774/original/snowe-account-dashboard.png?w=250&h=250&dpr=2&auto=format&q=50&fit=crop&crop=focalpoint&fp-x=0.5&fp-y=0,full/14-Snowe.jpg
16,Victoria’s Secret,2021 Q3-Desktop,https://baymard.com/ecommerce-design-examples/58-account-dashboard/9623-victorias-secret,https://baymard-assets.imgix.net/benchmark_webpages/screenshots/9623/original/victoria-s-secret-account-dashboard.jpg?w=250&h=250&dpr=2&auto=format&q=50&fit=crop&crop=focalpoint&fp-x=0.5&fp-y=0,full/16-Victoria’s Secret.jpg
7,Amazon,2021 Q3-Desktop,https://baymard.com/ecommerce-design-examples/58-account-dashboard/9590-amazon,https://baymard-assets.imgix.net/benchmark_webpages/screenshots/9590/original/amazon-.png?w=250&h=250&dpr=2&auto=format&q=50&fit=crop&crop=focalpoint&fp-x=0.5&fp-y=0,full/7-Amazon.jpg
17,Office Depot,2021 Q3-Desktop,https://baymard.com/ecommerce-design-examples/58-account-dashboard/9631-office-depot,https://baymard-assets.imgix.net/benchmark_webpages/screenshots/9631/original/office-depot-account-dashboard.jpg?w=250&h=250&dpr=2&auto=format&q=50&fit=crop&crop=focalpoint&fp-x=0.5&fp-y=0,full/17-Office Depot.jpg
11,Farm To People,2022 Q1-Desktop,https://baymard.com/ecommerce-design-examples/58-account-dashboard/10949-farm-to-people,https://baymard-assets.imgix.net/benchmark_webpages/screenshots/10949/original/Account_Dashboard.png?w=250&h=250&dpr=2&auto=format&q=50&fit=crop&crop=focalpoint&fp-x=0.5&fp-y=0,full/11-Farm To People.jpg
18,Best Buy,2021 Q3-Desktop,https://baymard.com/ecommerce-design-examples/58-account-dashboard/9641-best-buy,https://baymard-assets.imgix.net/benchmark_webpages/screenshots/9641/original/best-buy-account-dashboard.jpg?w=250&h=250&dpr=2&auto=format&q=50&fit=crop&crop=focalpoint&fp-x=0.5&fp-y=0,full/18-Best Buy.jpg
20,Sears,2021 Q3-Desktop,https://baymard.com/ecommerce-design-examples/58-account-dashboard/9646-sears,https://baymard-assets.imgix.net/benchmark_webpages/screenshots/9646/original/sears-account-dashboard.png?w=250&h=250&dpr=2&auto=format&q=50&fit=crop&crop=focalpoint&fp-x=0.5&fp-y=0,full/20-Sears.jpg
21,Kohl’s,2021 Q3-Desktop,https://baymard.com/ecommerce-design-examples/58-account-dashboard/9650-kohls,https://baymard-assets.imgix.net/benchmark_webpages/screenshots/9650/original/kohl-s-account-dashboard.png?w=250&h=250&dpr=2&auto=format&q=50&fit=crop&crop=focalpoint&fp-x=0.5&fp-y=0,full/21-Kohl’s.jpg
26,ASOS,2021 Q3-Desktop,https://baymard.com/ecommerce-design-examples/58-account-dashboard/9534-asos,https://baymard-assets.imgix.net/benchmark_webpages/screenshots/9534/original/asos-account-dashboard.png?w=250&h=250&dpr=2&auto=format&q=50&fit=crop&crop=focalpoint&fp-x=0.5&fp-y=0,full/26-ASOS.jpg
22,Bespoke Post,2022 Q1-Desktop,https://baymard.com/ecommerce-design-examples/58-account-dashboard/11072-bespoke-post,https://baymard-assets.imgix.net/benchmark_webpages/screenshots/11072/original/Account_Dashboard.png?w=250&h=250&dpr=2&auto=format&q=50&fit=crop&crop=focalpoint&fp-x=0.5&fp-y=0,full/22-Bespoke Post.jpg
23,Target,2021 Q3-Desktop,https://baymard.com/ecommerce-design-examples/58-account-dashboard/9581-target,https://baymard-assets.imgix.net/benchmark_webpages/screenshots/9581/original/target-account-dashboard.jpg?w=250&h=250&dpr=2&auto=format&q=50&fit=crop&crop=focalpoint&fp-x=0.5&fp-y=0,full/23-Target.jpg
27,B&H Photo,2021 Q3-Desktop,https://baymard.com/ecommerce-design-examples/58-account-dashboard/9542-bh-photo,https://baymard-assets.imgix.net/benchmark_webpages/screenshots/9542/original/b-h-photo-account-dashboard-address-book-stored-credit-cards.jpg?w=250&h=250&dpr=2&auto=format&q=50&fit=crop&crop=focalpoint&fp-x=0.5&fp-y=0,full/27-B&H Photo.jpg
19,Nike,2021 Q3-Desktop,https://baymard.com/ecommerce-design-examples/58-account-dashboard/9553-nike,https://baymard-assets.imgix.net/benchmark_webpages/screenshots/9553/original/nike-account-dashboard.png?w=250&h=250&dpr=2&auto=format&q=50&fit=crop&crop=focalpoint&fp-x=0.5&fp-y=0,full/19-Nike.jpg
25,Walmart,2021 Q3-Desktop,https://baymard.com/ecommerce-design-examples/58-account-dashboard/9576-walmart,https://baymard-assets.imgix.net/benchmark_webpages/screenshots/9576/original/walmart-account-dashboard.png?w=250&h=250&dpr=2&auto=format&q=50&fit=crop&crop=focalpoint&fp-x=0.5&fp-y=0,full/25-Walmart.jpg
29,H&M,2021 Q3-Desktop,https://baymard.com/ecommerce-design-examples/58-account-dashboard/9618-hm,https://baymard-assets.imgix.net/benchmark_webpages/screenshots/9618/original/h-m-account-dashboard.jpg?w=250&h=250&dpr=2&auto=format&q=50&fit=crop&crop=focalpoint&fp-x=0.5&fp-y=0,full/29-H&M.jpg
28,Crutchfield,2021 Q3-Desktop,https://baymard.com/ecommerce-design-examples/58-account-dashboard/9549-crutchfield,https://baymard-assets.imgix.net/benchmark_webpages/screenshots/9549/original/crutchfield-account-dashboard.png?w=250&h=250&dpr=2&auto=format&q=50&fit=crop&crop=focalpoint&fp-x=0.5&fp-y=0,full/28-Crutchfield.jpg
30,Everlane,2021 Q4-Desktop,https://baymard.com/ecommerce-design-examples/58-account-dashboard/9781-everlane,https://baymard-assets.imgix.net/benchmark_webpages/screenshots/9781/original/everlane-account-dashboard.png?w=250&h=250&dpr=2&auto=format&q=50&fit=crop&crop=focalpoint&fp-x=0.5&fp-y=0,full/30-Everlane.jpg
24,Home Depot,2021 Q3-Desktop,https://baymard.com/ecommerce-design-examples/58-account-dashboard/9585-home-depot,https://baymard-assets.imgix.net/benchmark_webpages/screenshots/9585/original/home-depot-account-dashboard.png?w=250&h=250&dpr=2&auto=format&q=50&fit=crop&crop=focalpoint&fp-x=0.5&fp-y=0,full/24-Home Depot.jpg
32,L.L. Bean,2021 Q3-Desktop,https://baymard.com/ecommerce-design-examples/58-account-dashboard/9463-ll-bean,https://baymard-assets.imgix.net/benchmark_webpages/screenshots/9463/original/l-l-bean-account-dashboard.png?w=250&h=250&dpr=2&auto=format&q=50&fit=crop&crop=focalpoint&fp-x=0.5&fp-y=0,full/32-L.L. Bean.jpg
31,Away,2021 Q4-Desktop,https://baymard.com/ecommerce-design-examples/58-account-dashboard/9778-away,https://baymard-assets.imgix.net/benchmark_webpages/screenshots/9778/original/away-account-dashboard.png?w=250&h=250&dpr=2&auto=format&q=50&fit=crop&crop=focalpoint&fp-x=0.5&fp-y=0,full/31-Away.jpg
33,American Eagle,2021 Q3-Desktop,https://baymard.com/ecommerce-design-examples/58-account-dashboard/9514-american-eagle-outfitters,https://baymard-assets.imgix.net/benchmark_webpages/screenshots/9514/original/american-eagle-outfitters-account-dashboard-address-book-stored-credit-cards.png?w=250&h=250&dpr=2&auto=format&q=50&fit=crop&crop=focalpoint&fp-x=0.5&fp-y=0,full/33-American Eagle.jpg
36,Microsoft,2021 Q3-Desktop,https://baymard.com/ecommerce-design-examples/58-account-dashboard/9445-microsoft,https://baymard-assets.imgix.net/benchmark_webpages/screenshots/9445/original/microsoft-account-dashboard.png?w=250&h=250&dpr=2&auto=format&q=50&fit=crop&crop=focalpoint&fp-x=0.5&fp-y=0,full/36-Microsoft.jpg
38,Neiman Marcus,2021 Q3-Desktop,https://baymard.com/ecommerce-design-examples/58-account-dashboard/9655-neiman-marcus,https://baymard-assets.imgix.net/benchmark_webpages/screenshots/9655/original/neiman-marcus-account-dashboard.jpg?w=250&h=250&dpr=2&auto=format&q=50&fit=crop&crop=focalpoint&fp-x=0.5&fp-y=0,full/38-Neiman Marcus.jpg
39,Twice,2021 Q4-Desktop,https://baymard.com/ecommerce-design-examples/58-account-dashboard/9791-twice,https://baymard-assets.imgix.net/benchmark_webpages/screenshots/9791/original/twice-account-dashboard.png?w=250&h=250&dpr=2&auto=format&q=50&fit=crop&crop=focalpoint&fp-x=0.5&fp-y=0,full/39-Twice.jpg
35,Dell,2021 Q3-Desktop,https://baymard.com/ecommerce-design-examples/58-account-dashboard/9454-dell,https://baymard-assets.imgix.net/benchmark_webpages/screenshots/9454/original/dell-account-dashboard.png?w=250&h=250&dpr=2&auto=format&q=50&fit=crop&crop=focalpoint&fp-x=0.5&fp-y=0,full/35-Dell.jpg
37,Williams Sonoma,2021 Q3-Desktop,https://baymard.com/ecommerce-design-examples/58-account-dashboard/9431-williams-sonoma,https://baymard-assets.imgix.net/benchmark_webpages/screenshots/9431/original/williams-sonoma-account-dashboard.png?w=250&h=250&dpr=2&auto=format&q=50&fit=crop&crop=focalpoint&fp-x=0.5&fp-y=0,full/37-Williams Sonoma.jpg
45,Urban Outfitters,2021 Q3-Desktop,https://baymard.com/ecommerce-design-examples/58-account-dashboard/9459-urban-outfitters,https://baymard-assets.imgix.net/benchmark_webpages/screenshots/9459/original/urban-outfitters-account-dashboard.png?w=250&h=250&dpr=2&auto=format&q=50&fit=crop&crop=focalpoint&fp-x=0.5&fp-y=0,full/45-Urban Outfitters.jpg
41,John Lewis,2021 Q3-Desktop,https://baymard.com/ecommerce-design-examples/58-account-dashboard/9484-john-lewis,https://baymard-assets.imgix.net/benchmark_webpages/screenshots/9484/original/john-lewis-account-dashboard.png?w=250&h=250&dpr=2&auto=format&q=50&fit=crop&crop=focalpoint&fp-x=0.5&fp-y=0,full/41-John Lewis.jpg
44,Walgreens,2021 Q3-Desktop,https://baymard.com/ecommerce-design-examples/58-account-dashboard/9605-walgreen-co,https://baymard-assets.imgix.net/benchmark_webpages/screenshots/9605/original/walgreens-account-dashboard.png?w=250&h=250&dpr=2&auto=format&q=50&fit=crop&crop=focalpoint&fp-x=0.5&fp-y=0,full/44-Walgreens.jpg
43,Marks & Spencer,2021 Q3-Desktop,https://baymard.com/ecommerce-design-examples/58-account-dashboard/9489-marks-spencer,https://baymard-assets.imgix.net/benchmark_webpages/screenshots/9489/original/marks-spencer-account-dashboard.png?w=250&h=250&dpr=2&auto=format&q=50&fit=crop&crop=focalpoint&fp-x=0.5&fp-y=0,full/43-Marks & Spencer.jpg
40,GAP,2021 Q3-Desktop,https://baymard.com/ecommerce-design-examples/58-account-dashboard/9467-gap,https://baymard-assets.imgix.net/benchmark_webpages/screenshots/9467/original/gap-account-dashboard.png?w=250&h=250&dpr=2&auto=format&q=50&fit=crop&crop=focalpoint&fp-x=0.5&fp-y=0,full/40-GAP.jpg
34,Anine Bing,2021 Q4-Desktop,https://baymard.com/ecommerce-design-examples/58-account-dashboard/9784-anine-bing,https://baymard-assets.imgix.net/benchmark_webpages/screenshots/9784/original/anine-bing-account-dashboard.png?w=250&h=250&dpr=2&auto=format&q=50&fit=crop&crop=focalpoint&fp-x=0.5&fp-y=0,full/34-Anine Bing.jpg
50,Fitbit,2021 Q4-Desktop,https://baymard.com/ecommerce-design-examples/58-account-dashboard/9787-fitbit,https://baymard-assets.imgix.net/benchmark_webpages/screenshots/9787/original/fitbit-account-dashboard.png?w=250&h=250&dpr=2&auto=format&q=50&fit=crop&crop=focalpoint&fp-x=0.5&fp-y=0,full/50-Fitbit.jpg
49,Nordstrom,2021 Q3-Desktop,https://baymard.com/ecommerce-design-examples/58-account-dashboard/9610-nordstrom,https://baymard-assets.imgix.net/benchmark_webpages/screenshots/9610/original/nordstrom-account-dashboard.png?w=250&h=250&dpr=2&auto=format&q=50&fit=crop&crop=focalpoint&fp-x=0.5&fp-y=0,full/49-Nordstrom.jpg
42,Overstock,2021 Q3-Desktop,https://baymard.com/ecommerce-design-examples/58-account-dashboard/9504-overstock,https://baymard-assets.imgix.net/benchmark_webpages/screenshots/9504/original/overstock-account-dashboard.png?w=250&h=250&dpr=2&auto=format&q=50&fit=crop&crop=focalpoint&fp-x=0.5&fp-y=0,full/42-Overstock.jpg
47,Northern Tool,2021 Q3-Desktop,https://baymard.com/ecommerce-design-examples/58-account-dashboard/9413-northern-tool,https://baymard-assets.imgix.net/benchmark_webpages/screenshots/9413/original/northern-tool-account-dashboard.png?w=250&h=250&dpr=2&auto=format&q=50&fit=crop&crop=focalpoint&fp-x=0.5&fp-y=0,full/47-Northern Tool.jpg
52,HP,2021 Q3-Desktop,https://baymard.com/ecommerce-design-examples/58-account-dashboard/9450-hp,https://baymard-assets.imgix.net/benchmark_webpages/screenshots/9450/original/hp-account-dashboard.png?w=250&h=250&dpr=2&auto=format&q=50&fit=crop&crop=focalpoint&fp-x=0.5&fp-y=0,full/52-HP.jpg
60,Disney Store,2021 Q3-Desktop,https://baymard.com/ecommerce-design-examples/58-account-dashboard/9628-disney-store,https://baymard-assets.imgix.net/benchmark_webpages/screenshots/9628/original/disney-store-account-dashboard-address-book-stored-credit-cards-newsletter-management.jpg?w=250&h=250&dpr=2&auto=format&q=50&fit=crop&crop=focalpoint&fp-x=0.5&fp-y=0,full/60-Disney Store.jpg
62,Kid & Coe,2022 Q1-Desktop,https://baymard.com/ecommerce-design-examples/58-account-dashboard/11193-kidandcoe,https://baymard-assets.imgix.net/benchmark_webpages/screenshots/11193/original/dashboard-f89630f3b5960aaa7400a1479314d502.png?w=250&h=250&dpr=2&auto=format&q=50&fit=crop&crop=focalpoint&fp-x=0.5&fp-y=0,full/62-Kid & Coe.jpg
61,Debenhams,2021 Q3-Desktop,https://baymard.com/ecommerce-design-examples/58-account-dashboard/9615-debenhams,https://baymard-assets.imgix.net/benchmark_webpages/screenshots/9615/original/debenhams-account-dashboard.png?w=250&h=250&dpr=2&auto=format&q=50&fit=crop&crop=focalpoint&fp-x=0.5&fp-y=0,full/61-Debenhams.jpg
57,GoPro,2021 Q4-Desktop,https://baymard.com/ecommerce-design-examples/58-account-dashboard/9789-gopro,https://baymard-assets.imgix.net/benchmark_webpages/screenshots/9789/original/gopro-account-dashboard.png?w=250&h=250&dpr=2&auto=format&q=50&fit=crop&crop=focalpoint&fp-x=0.5&fp-y=0,full/57-GoPro.jpg
64,Our Place,2021 Q4-Desktop,https://baymard.com/ecommerce-design-examples/58-account-dashboard/9772-our-place,https://baymard-assets.imgix.net/benchmark_webpages/screenshots/9772/original/our-place-account-dashboard-orders-overview.png?w=250&h=250&dpr=2&auto=format&q=50&fit=crop&crop=focalpoint&fp-x=0.5&fp-y=0,full/64-Our Place.jpg
67,Expedia,2022 Q1-Desktop,https://baymard.com/ecommerce-design-examples/58-account-dashboard/11434-expedia,https://baymard-assets.imgix.net/benchmark_webpages/screenshots/11434/original/dashboard-ce93df246491b02c87bd2fb34aa8ff4f.png?w=250&h=250&dpr=2&auto=format&q=50&fit=crop&crop=focalpoint&fp-x=0.5&fp-y=0,full/67-Expedia.jpg
54,Hayneedle,2021 Q3-Desktop,https://baymard.com/ecommerce-design-examples/58-account-dashboard/9435-hayneedle,https://baymard-assets.imgix.net/benchmark_webpages/screenshots/9435/original/hayneedle-account-dashboard.png?w=250&h=250&dpr=2&auto=format&q=50&fit=crop&crop=focalpoint&fp-x=0.5&fp-y=0,full/54-Hayneedle.jpg
63,Trip.com,2022 Q2-Desktop,https://baymard.com/ecommerce-design-examples/58-account-dashboard/11479-trip-com,https://baymard-assets.imgix.net/benchmark_webpages/screenshots/11479/original/dashboard-ccafa46f74f839f17636dc2b7801da89.png?w=250&h=250&dpr=2&auto=format&q=50&fit=crop&crop=focalpoint&fp-x=0.5&fp-y=0,full/63-Trip.com.jpg
65,Adidas,2021 Q3-Desktop,https://baymard.com/ecommerce-design-examples/58-account-dashboard/9567-adidas,https://baymard-assets.imgix.net/benchmark_webpages/screenshots/9567/original/adidas-account-dashboard.png?w=250&h=250&dpr=2&auto=format&q=50&fit=crop&crop=focalpoint&fp-x=0.5&fp-y=0,full/65-Adidas.jpg
55,Cabela’s,2021 Q3-Desktop,https://baymard.com/ecommerce-design-examples/58-account-dashboard/9529-cabelas,https://baymard-assets.imgix.net/benchmark_webpages/screenshots/9529/original/cabela-s-account-dashboard.png?w=250&h=250&dpr=2&auto=format&q=50&fit=crop&crop=focalpoint&fp-x=0.5&fp-y=0,full/55-Cabela’s.jpg
72,Musician’s Friend,2021 Q3-Desktop,https://baymard.com/ecommerce-design-examples/58-account-dashboard/9499-musicians-friend,https://baymard-assets.imgix.net/benchmark_webpages/screenshots/9499/original/musician-s-friend-account-dashboard.png?w=250&h=250&dpr=2&auto=format&q=50&fit=crop&crop=focalpoint&fp-x=0.5&fp-y=0,full/72-Musician’s Friend.jpg
70,Booking.com,2022 Q1-Desktop,https://baymard.com/ecommerce-design-examples/58-account-dashboard/10323-booking-com,https://baymard-assets.imgix.net/benchmark_webpages/screenshots/10323/original/booking.com_dash.png?w=250&h=250&dpr=2&auto=format&q=50&fit=crop&crop=focalpoint&fp-x=0.5&fp-y=0,full/70-Booking.com.jpg
66,REI,2021 Q3-Desktop,https://baymard.com/ecommerce-design-examples/58-account-dashboard/9479-rei,https://baymard-assets.imgix.net/benchmark_webpages/screenshots/9479/original/rei-account-dashboard.png?w=250&h=250&dpr=2&auto=format&q=50&fit=crop&crop=focalpoint&fp-x=0.5&fp-y=0,full/66-REI.jpg
68,Harry’s,2021 Q4-Desktop,https://baymard.com/ecommerce-design-examples/58-account-dashboard/9790-harrys,https://baymard-assets.imgix.net/benchmark_webpages/screenshots/9790/original/harry-s-account-dashboard-address-book-stored-credit-cards.png?w=250&h=250&dpr=2&auto=format&q=50&fit=crop&crop=focalpoint&fp-x=0.5&fp-y=0,full/68-Harry’s.jpg
73,DoorDash,2022 Q2-Desktop,https://baymard.com/ecommerce-design-examples/58-account-dashboard/11508-doordash,https://baymard-assets.imgix.net/benchmark_webpages/screenshots/11508/original/Group%2065-abecf7b81e5156098fc4718506efca45.png?w=150&h=250&dpr=2&auto=format&q=50&fit=crop&crop=focalpoint&fp-x=0.5&fp-y=0,full/73-DoorDash.jpg
74,Apple,2021 Q3-Desktop,https://baymard.com/ecommerce-design-examples/58-account-dashboard/9539-apple,https://baymard-assets.imgix.net/benchmark_webpages/screenshots/9539/original/apple-account-dashboard-address-book-stored-credit-cards.png?w=250&h=250&dpr=2&auto=format&q=50&fit=crop&crop=focalpoint&fp-x=0.5&fp-y=0,full/74-Apple.jpg
76,Tesco,2021 Q3-Desktop,https://baymard.com/ecommerce-design-examples/58-account-dashboard/9517-tesco,https://baymard-assets.imgix.net/benchmark_webpages/screenshots/9517/original/tesco-account-dashboard.png?w=250&h=250&dpr=2&auto=format&q=50&fit=crop&crop=focalpoint&fp-x=0.5&fp-y=0,full/76-Tesco.jpg
71,Gilt,2021 Q3-Desktop,https://baymard.com/ecommerce-design-examples/58-account-dashboard/9526-gilt,https://baymard-assets.imgix.net/benchmark_webpages/screenshots/9526/original/gilt-account-dashboard.png?w=250&h=250&dpr=2&auto=format&q=50&fit=crop&crop=focalpoint&fp-x=0.5&fp-y=0,full/71-Gilt.jpg
69,Backdrop,2021 Q4-Desktop,https://baymard.com/ecommerce-design-examples/58-account-dashboard/9775-backdrop,https://baymard-assets.imgix.net/benchmark_webpages/screenshots/9775/original/backdrop-account-dashboard.png?w=250&h=250&dpr=2&auto=format&q=50&fit=crop&crop=focalpoint&fp-x=0.5&fp-y=0,full/69-Backdrop.jpg
75,Airbnb,2022 Q1-Desktop,https://baymard.com/ecommerce-design-examples/58-account-dashboard/10362-airbnb,https://baymard-assets.imgix.net/benchmark_webpages/screenshots/10362/original/airbnb_account_dashboard.png?w=250&h=250&dpr=2&auto=format&q=50&fit=crop&crop=focalpoint&fp-x=0.5&fp-y=0,full/75-Airbnb.jpg
81,Uber Eats,2022 Q1-Desktop,https://baymard.com/ecommerce-design-examples/58-account-dashboard/11401-uber-eats,https://baymard-assets.imgix.net/benchmark_webpages/screenshots/11401/original/Account%20Dash-a2313ea76c89a0e4bb4a47b55b96d5ac.png?w=150&h=250&dpr=2&auto=format&q=50&fit=crop&crop=focalpoint&fp-x=0.5&fp-y=0,full/81-Uber Eats.jpg
58,Lowe’s,2021 Q3-Desktop,https://baymard.com/ecommerce-design-examples/58-account-dashboard/9440-lowes,https://baymard-assets.imgix.net/benchmark_webpages/screenshots/9440/original/lowe-s-account-dashboard.png?w=250&h=250&dpr=2&auto=format&q=50&fit=crop&crop=focalpoint&fp-x=0.5&fp-y=0,full/58-Lowe’s.jpg
77,Newegg,2021 Q3-Desktop,https://baymard.com/ecommerce-design-examples/58-account-dashboard/9521-newegg,https://baymard-assets.imgix.net/benchmark_webpages/screenshots/9521/original/newegg-account-dashboard.png?w=250&h=250&dpr=2&auto=format&q=50&fit=crop&crop=focalpoint&fp-x=0.5&fp-y=0,full/77-Newegg.jpg
79,Shangri-La,2022 Q1-Desktop,https://baymard.com/ecommerce-design-examples/58-account-dashboard/10851-shangri-la,https://baymard-assets.imgix.net/benchmark_webpages/screenshots/10851/original/shangrila_dashboard.png?w=250&h=250&dpr=2&auto=format&q=50&fit=crop&crop=focalpoint&fp-x=0.5&fp-y=0,full/79-Shangri-La.jpg
82,McDonalds,2022 Q1-Desktop,https://baymard.com/ecommerce-design-examples/58-account-dashboard/11404-mcdonalds,https://baymard-assets.imgix.net/benchmark_webpages/screenshots/11404/original/Acc%20Dash-1dd1f8f1a5d23a315de4ee5698a41e0e.png?w=150&h=250&dpr=2&auto=format&q=50&fit=crop&crop=focalpoint&fp-x=0.5&fp-y=0,full/82-McDonalds.jpg
80,Hyatt,2022 Q1-Desktop,https://baymard.com/ecommerce-design-examples/58-account-dashboard/10480-Hyatt,https://baymard-assets.imgix.net/benchmark_webpages/screenshots/10480/original/hyatt_dashboard.png?w=250&h=250&dpr=2&auto=format&q=50&fit=crop&crop=focalpoint&fp-x=0.5&fp-y=0,full/80-Hyatt.jpg
85,Burger King,2022 Q1-Desktop,https://baymard.com/ecommerce-design-examples/58-account-dashboard/11413-burger-king,https://baymard-assets.imgix.net/benchmark_webpages/screenshots/11413/original/account-23b41866353caabffb3ed417bae8baea.png?w=150&h=250&dpr=2&auto=format&q=50&fit=crop&crop=focalpoint&fp-x=0.5&fp-y=0,full/85-Burger King.jpg
84,Deliveroo,2022 Q1-Desktop,https://baymard.com/ecommerce-design-examples/58-account-dashboard/11409-deliveroo,https://baymard-assets.imgix.net/benchmark_webpages/screenshots/11409/original/acc-962094b12bacc94b5468da044f6fa4c0.png?w=150&h=250&dpr=2&auto=format&q=50&fit=crop&crop=focalpoint&fp-x=0.5&fp-y=0,full/84-Deliveroo.jpg
86,Just Eat,2022 Q1-Desktop,https://baymard.com/ecommerce-design-examples/58-account-dashboard/11399-just-eat,https://baymard-assets.imgix.net/benchmark_webpages/screenshots/11399/original/Group-34-774c9266adde3ddff4cf8ff3d9bf205c.png?w=150&h=250&dpr=2&auto=format&q=50&fit=crop&crop=focalpoint&fp-x=0.5&fp-y=0,full/86-Just Eat.jpg
83,Domino’s Pizza,2022 Q1-Desktop,https://baymard.com/ecommerce-design-examples/58-account-dashboard/11407-dominos-pizza,https://baymard-assets.imgix.net/benchmark_webpages/screenshots/11407/original/dash-f048ba16b60685a99811ae4c73b1faba.png?w=150&h=250&dpr=2&auto=format&q=50&fit=crop&crop=focalpoint&fp-x=0.5&fp-y=0,full/83-Domino’s Pizza.jpg
87,Build.com,2021 Q3-Desktop,https://baymard.com/ecommerce-design-examples/58-account-dashboard/9417-build-com,https://baymard-assets.imgix.net/benchmark_webpages/screenshots/9417/original/build-com-account-dashboard-newsletter-management.png?w=250&h=250&dpr=2&auto=format&q=50&fit=crop&crop=focalpoint&fp-x=0.5&fp-y=0,full/87-Build.com.jpg
89,Foot Locker,2021 Q3-Desktop,https://baymard.com/ecommerce-design-examples/58-account-dashboard/9472-foot-locker,https://baymard-assets.imgix.net/benchmark_webpages/screenshots/9472/original/foot-locker-inc-account-dashboard-address-book-stored-credit-cards.png?w=250&h=250&dpr=2&auto=format&q=50&fit=crop&crop=focalpoint&fp-x=0.5&fp-y=0,full/89-Foot Locker.jpg
78,Esmé Hotel,2022 Q1-Desktop,https://baymard.com/ecommerce-design-examples/58-account-dashboard/10954-esme-hotel,https://baymard-assets.imgix.net/benchmark_webpages/screenshots/10954/original/esme_dashboard.png?w=250&h=250&dpr=2&auto=format&q=50&fit=crop&crop=focalpoint&fp-x=0.5&fp-y=0,full/78-Esmé Hotel.jpg
91,Guitar Center,2021 Q2-Desktop,https://baymard.com/ecommerce-design-examples/58-account-dashboard/7952-guitar-center,https://baymard-assets.imgix.net/benchmark_webpages/screenshots/7952/original/guitar-center-account-dashboard.png?w=250&h=250&dpr=2&auto=format&q=50&fit=crop&crop=focalpoint&fp-x=0.5&fp-y=0,full/91-Guitar Center.jpg
93,Sports Direct,2021 Q2-Desktop,https://baymard.com/ecommerce-design-examples/58-account-dashboard/7945-sports-direct,https://baymard-assets.imgix.net/benchmark_webpages/screenshots/7945/original/sports-direct-account-dashboard.png?w=250&h=250&dpr=2&auto=format&q=50&fit=crop&crop=focalpoint&fp-x=0.5&fp-y=0,full/93-Sports Direct.jpg
88,Best Western,2022 Q1-Desktop,https://baymard.com/ecommerce-design-examples/58-account-dashboard/10585-best-western,https://baymard-assets.imgix.net/benchmark_webpages/screenshots/10585/original/best_western_dashboard.png?w=250&h=250&dpr=2&auto=format&q=50&fit=crop&crop=focalpoint&fp-x=0.5&fp-y=0,full/88-Best Western.jpg
97,Macy’s,2020 Q4-Desktop,https://baymard.com/ecommerce-design-examples/58-account-dashboard/6971-macy-s,https://baymard-assets.imgix.net/benchmark_webpages/screenshots/6971/original/macy-s-account-dashboard.png?w=150&h=250&dpr=2&auto=format&q=50&fit=crop&crop=focalpoint&fp-x=0.5&fp-y=0,full/97-Macy’s.jpg
94,Chewy,2021 Q2-Desktop,https://baymard.com/ecommerce-design-examples/58-account-dashboard/7957-chewy,https://baymard-assets.imgix.net/benchmark_webpages/screenshots/7957/original/chewy-account-dashboard.png?w=250&h=250&dpr=2&auto=format&q=50&fit=crop&crop=focalpoint&fp-x=0.5&fp-y=0,full/94-Chewy.jpg
95,KFC,2022 Q1-Desktop,https://baymard.com/ecommerce-design-examples/58-account-dashboard/11417-kentucky-fried-chicken,https://baymard-assets.imgix.net/benchmark_webpages/screenshots/11417/original/account-77f663e8581ff5ad8756898c8122fbb1.png?w=150&h=250&dpr=2&auto=format&q=50&fit=crop&crop=focalpoint&fp-x=0.5&fp-y=0,full/95-KFC.jpg
92,Thomann,2021 Q2-Desktop,https://baymard.com/ecommerce-design-examples/58-account-dashboard/7949-musikhaus-thomann,https://baymard-assets.imgix.net/benchmark_webpages/screenshots/7949/original/musikhaus-thomann-account-dashboard.png?w=250&h=250&dpr=2&auto=format&q=50&fit=crop&crop=focalpoint&fp-x=0.5&fp-y=0,full/92-Thomann.jpg
99,Sephora,2020 Q4-Desktop,https://baymard.com/ecommerce-design-examples/58-account-dashboard/6872-sephora,https://baymard-assets.imgix.net/benchmark_webpages/screenshots/6872/original/sephora-my-account-drop-down.png?w=150&h=250&dpr=2&auto=format&q=50&fit=crop&crop=focalpoint&fp-x=0.5&fp-y=0,full/99-Sephora.jpg
96,Shop Apotheke,2021 Q2-Desktop,https://baymard.com/ecommerce-design-examples/58-account-dashboard/7928-shop-apotheke,https://baymard-assets.imgix.net/benchmark_webpages/screenshots/7928/original/shop-apotheke-account-dashboard.png?w=250&h=250&dpr=2&auto=format&q=50&fit=crop&crop=focalpoint&fp-x=0.5&fp-y=0,full/96-Shop Apotheke.jpg
101,Wayfair,2020 Q4-Desktop,https://baymard.com/ecommerce-design-examples/58-account-dashboard/6950-wayfair,https://baymard-assets.imgix.net/benchmark_webpages/screenshots/6950/original/wayfair-account-dashboard.png?w=150&h=250&dpr=2&auto=format&q=50&fit=crop&crop=focalpoint&fp-x=0.5&fp-y=0,full/101-Wayfair.jpg
90,The Vitamin Shoppe,2021 Q2-Desktop,https://baymard.com/ecommerce-design-examples/58-account-dashboard/7924-the-vitamin-shoppe,https://baymard-assets.imgix.net/benchmark_webpages/screenshots/7924/original/the-vitamin-shoppe-account-dashboard.png?w=250&h=250&dpr=2&auto=format&q=50&fit=crop&crop=focalpoint&fp-x=0.5&fp-y=0,full/90-The Vitamin Shoppe.jpg
98,Staples,2020 Q4-Desktop,https://baymard.com/ecommerce-design-examples/58-account-dashboard/6889-staples,https://baymard-assets.imgix.net/benchmark_webpages/screenshots/6889/original/staples-account-dashboard.png?w=150&h=250&dpr=2&auto=format&q=50&fit=crop&crop=focalpoint&fp-x=0.5&fp-y=0,full/98-Staples.jpg
103,LEGO,2021 Q2-Desktop,https://baymard.com/ecommerce-design-examples/58-account-dashboard/7940-lego,https://baymard-assets.imgix.net/benchmark_webpages/screenshots/7940/original/lego-account-dashboard.png?w=250&h=250&dpr=2&auto=format&q=50&fit=crop&crop=focalpoint&fp-x=0.5&fp-y=0,full/103-LEGO.jpg
105,Netflix,2021 Q4-Desktop,https://baymard.com/ecommerce-design-examples/58-account-dashboard/9971-netflix,https://baymard-assets.imgix.net/benchmark_webpages/screenshots/9971/original/netflix-account-dashboard.png?w=250&h=250&dpr=2&auto=format&q=50&fit=crop&crop=focalpoint&fp-x=0.5&fp-y=0,full/105-Netflix.jpg
102,Dick’s Sporting Goods,2021 Q2-Desktop,https://baymard.com/ecommerce-design-examples/58-account-dashboard/7942-dick-s-sporting-goods,https://baymard-assets.imgix.net/benchmark_webpages/screenshots/7942/original/dick-s-sporting-goods-account-dashboard.png?w=250&h=250&dpr=2&auto=format&q=50&fit=crop&crop=focalpoint&fp-x=0.5&fp-y=0,full/102-Dick’s Sporting Goods.jpg
106,Walmart,2020 Q4-Desktop,https://baymard.com/ecommerce-design-examples/58-account-dashboard/6909-walmart,https://baymard-assets.imgix.net/benchmark_webpages/screenshots/6909/original/walmart-my-account-drop-down.png?w=150&h=250&dpr=2&auto=format&q=50&fit=crop&crop=focalpoint&fp-x=0.5&fp-y=0,full/106-Walmart.jpg
108,Nike,2020 Q4-Desktop,https://baymard.com/ecommerce-design-examples/58-account-dashboard/6834-nike,https://baymard-assets.imgix.net/benchmark_webpages/screenshots/6834/original/nike-account-dashboard.png?w=150&h=250&dpr=2&auto=format&q=50&fit=crop&crop=focalpoint&fp-x=0.5&fp-y=0,full/108-Nike.jpg
104,Vitamin World,2021 Q2-Desktop,https://baymard.com/ecommerce-design-examples/58-account-dashboard/7933-vitamin-world-usa-corporation,https://baymard-assets.imgix.net/benchmark_webpages/screenshots/7933/original/vitamin-world-usa-corporation-account-dashboard.png?w=250&h=250&dpr=2&auto=format&q=50&fit=crop&crop=focalpoint&fp-x=0.5&fp-y=0,full/104-Vitamin World.jpg
107,Ulta Beauty,2021 Q2-Desktop,https://baymard.com/ecommerce-design-examples/58-account-dashboard/7922-ulta-beauty,https://baymard-assets.imgix.net/benchmark_webpages/screenshots/7922/original/ulta-beauty-account-dashboard-newsletter-management.png?w=250&h=250&dpr=2&auto=format&q=50&fit=crop&crop=focalpoint&fp-x=0.5&fp-y=0,full/107-Ulta Beauty.jpg
109,ASOS,2020 Q4-Desktop,https://baymard.com/ecommerce-design-examples/58-account-dashboard/6794-asos,https://baymard-assets.imgix.net/benchmark_webpages/screenshots/6794/original/asos-account-dashboard.png?w=150&h=250&dpr=2&auto=format&q=50&fit=crop&crop=focalpoint&fp-x=0.5&fp-y=0,full/109-ASOS.jpg
111,Xero,2021 Q4-Desktop,https://baymard.com/ecommerce-design-examples/58-account-dashboard/10151-xero,https://baymard-assets.imgix.net/benchmark_webpages/screenshots/10151/original/xero-account-dashboard.png?w=250&h=250&dpr=2&auto=format&q=50&fit=crop&crop=focalpoint&fp-x=0.5&fp-y=0,full/111-Xero.jpg
110,Codecademy,2021 Q4-Desktop,https://baymard.com/ecommerce-design-examples/58-account-dashboard/9977-codecademy,https://baymard-assets.imgix.net/benchmark_webpages/screenshots/9977/original/codecademy-account-dashboard.png?w=250&h=250&dpr=2&auto=format&q=50&fit=crop&crop=focalpoint&fp-x=0.5&fp-y=0,full/110-Codecademy.jpg
100,Amazon,2020 Q4-Desktop,https://baymard.com/ecommerce-design-examples/58-account-dashboard/6930-amazon,https://baymard-assets.imgix.net/benchmark_webpages/screenshots/6930/original/amazon-account-dashboard.png?w=150&h=250&dpr=2&auto=format&q=50&fit=crop&crop=focalpoint&fp-x=0.5&fp-y=0,full/100-Amazon.jpg
112,Shopify,2021 Q4-Desktop,https://baymard.com/ecommerce-design-examples/58-account-dashboard/10163-shopify,https://baymard-assets.imgix.net/benchmark_webpages/screenshots/10163/original/shopify-.png?w=250&h=250&dpr=2&auto=format&q=50&fit=crop&crop=focalpoint&fp-x=0.5&fp-y=0,full/112-Shopify.jpg
114,Microsoft Teams,2021 Q4-Desktop,https://baymard.com/ecommerce-design-examples/58-account-dashboard/10155-microsoft-teams,https://baymard-assets.imgix.net/benchmark_webpages/screenshots/10155/original/microsoft-teams-account-dashboard.png?w=250&h=250&dpr=2&auto=format&q=50&fit=crop&crop=focalpoint&fp-x=0.5&fp-y=0,full/114-Microsoft Teams.jpg
117,Grammarly,2021 Q3-Desktop,https://baymard.com/ecommerce-design-examples/58-account-dashboard/9968-grammarly,https://baymard-assets.imgix.net/benchmark_webpages/screenshots/9968/original/grammarly-account-dashboard.png?w=250&h=250&dpr=2&auto=format&q=50&fit=crop&crop=focalpoint&fp-x=0.5&fp-y=0,full/117-Grammarly.jpg
113,Firebase,2021 Q4-Desktop,https://baymard.com/ecommerce-design-examples/58-account-dashboard/10161-firebase,https://baymard-assets.imgix.net/benchmark_webpages/screenshots/10161/original/firebase-account-dashboard.png?w=250&h=250&dpr=2&auto=format&q=50&fit=crop&crop=focalpoint&fp-x=0.5&fp-y=0,full/113-Firebase.jpg
119,IKEA,2020 Q4-Desktop,https://baymard.com/ecommerce-design-examples/58-account-dashboard/6852-ikea,https://baymard-assets.imgix.net/benchmark_webpages/screenshots/6852/original/ikea-account-dashboard.png?w=150&h=250&dpr=2&auto=format&q=50&fit=crop&crop=focalpoint&fp-x=0.5&fp-y=0,full/119-IKEA.jpg
118,CVS,2021 Q2-Desktop,https://baymard.com/ecommerce-design-examples/58-account-dashboard/7926-cvs,https://baymard-assets.imgix.net/benchmark_webpages/screenshots/7926/original/cvs-account-dashboard-address-book-stored-credit-cards.png?w=250&h=250&dpr=2&auto=format&q=50&fit=crop&crop=focalpoint&fp-x=0.5&fp-y=0,full/118-CVS.jpg
115,Adobe,2021 Q4-Desktop,https://baymard.com/ecommerce-design-examples/58-account-dashboard/10157-adobe,https://baymard-assets.imgix.net/benchmark_webpages/screenshots/10157/original/adobe-account-dashboard.png?w=250&h=250&dpr=2&auto=format&q=50&fit=crop&crop=focalpoint&fp-x=0.5&fp-y=0,full/115-Adobe.jpg
116,Apple Music,2021 Q4-Desktop,https://baymard.com/ecommerce-design-examples/58-account-dashboard/9974-apple-music,https://baymard-assets.imgix.net/benchmark_webpages/screenshots/9974/original/apple-music-account-dashboard.png?w=250&h=250&dpr=2&auto=format&q=50&fit=crop&crop=focalpoint&fp-x=0.5&fp-y=0,full/116-Apple Music.jpg
122,B&H Photo,2020 Q4-Desktop,https://baymard.com/ecommerce-design-examples/58-account-dashboard/6814-b-h-photo,https://baymard-assets.imgix.net/benchmark_webpages/screenshots/6814/original/b-h-photo-account-dashboard.jpeg?w=150&h=250&dpr=2&auto=format&q=50&fit=crop&crop=focalpoint&fp-x=0.5&fp-y=0,full/122-B&H Photo.jpg
124,Basecamp,2021 Q3-Desktop,https://baymard.com/ecommerce-design-examples/58-account-dashboard/10149-basecamp,https://baymard-assets.imgix.net/benchmark_webpages/screenshots/10149/original/basecamp-account-dashboard.png?w=250&h=250&dpr=2&auto=format&q=50&fit=crop&crop=focalpoint&fp-x=0.5&fp-y=0,full/124-Basecamp.jpg
121,Norton,2021 Q3-Desktop,https://baymard.com/ecommerce-design-examples/58-account-dashboard/9959-norton,https://baymard-assets.imgix.net/benchmark_webpages/screenshots/9959/original/norton-account-dashboard.png?w=250&h=250&dpr=2&auto=format&q=50&fit=crop&crop=focalpoint&fp-x=0.5&fp-y=0,full/121-Norton.jpg
127,Bang & Olufsen,2021 Q1-Desktop,https://baymard.com/ecommerce-design-examples/58-account-dashboard/7119-bang-olufsen,https://baymard-assets.imgix.net/benchmark_webpages/screenshots/7119/original/bang-olufsen-account-dashboard.png?w=250&h=250&dpr=2&auto=format&q=50&fit=crop&crop=focalpoint&fp-x=0.5&fp-y=0,full/127-Bang & Olufsen.jpg
126,Zoom,2021 Q3-Desktop,https://baymard.com/ecommerce-design-examples/58-account-dashboard/10147-zoom,https://baymard-assets.imgix.net/benchmark_webpages/screenshots/10147/original/zoom-my-account-drop-down-account-dashboard.png?w=250&h=250&dpr=2&auto=format&q=50&fit=crop&crop=focalpoint&fp-x=0.5&fp-y=0,full/126-Zoom.jpg
125,Zendesk,2021 Q3-Desktop,https://baymard.com/ecommerce-design-examples/58-account-dashboard/10153-zendesk,https://baymard-assets.imgix.net/benchmark_webpages/screenshots/10153/original/zen-desk-account-dashboard.png?w=250&h=250&dpr=2&auto=format&q=50&fit=crop&crop=focalpoint&fp-x=0.5&fp-y=0,full/125-Zendesk.jpg
123,Slack,2021 Q3-Desktop,https://baymard.com/ecommerce-design-examples/58-account-dashboard/10143-slack,https://baymard-assets.imgix.net/benchmark_webpages/screenshots/10143/original/slack-account-dashboard.png?w=250&h=250&dpr=2&auto=format&q=50&fit=crop&crop=focalpoint&fp-x=0.5&fp-y=0,full/123-Slack.jpg
128,Van Cleef & Arpels,2021 Q1-Desktop,https://baymard.com/ecommerce-design-examples/58-account-dashboard/7120-van-cleef-arpels,https://baymard-assets.imgix.net/benchmark_webpages/screenshots/7120/original/van-cleef-arpels-account-dashboard.png?w=250&h=250&dpr=2&auto=format&q=50&fit=crop&crop=focalpoint&fp-x=0.5&fp-y=0,full/128-Van Cleef & Arpels.jpg
120,Louis Vuitton,2021 Q1-Desktop,https://baymard.com/ecommerce-design-examples/58-account-dashboard/7118-louis-vuitton,https://baymard-assets.imgix.net/benchmark_webpages/screenshots/7118/original/louis-vuitton-account-dashboard.png?w=250&h=250&dpr=2&auto=format&q=50&fit=crop&crop=focalpoint&fp-x=0.5&fp-y=0,full/120-Louis Vuitton.jpg
129,TAG Heuer,2021 Q1-Desktop,https://baymard.com/ecommerce-design-examples/58-account-dashboard/7113-tag-heuer,https://baymard-assets.imgix.net/benchmark_webpages/screenshots/7113/original/tag-heuer-account-dashboard.png?w=250&h=250&dpr=2&auto=format&q=50&fit=crop&crop=focalpoint&fp-x=0.5&fp-y=0,full/129-TAG Heuer.jpg
130,Jimmy Choo,2021 Q1-Desktop,https://baymard.com/ecommerce-design-examples/58-account-dashboard/7117-jimmy-choo,https://baymard-assets.imgix.net/benchmark_webpages/screenshots/7117/original/jimmy-choo-account-dashboard.png?w=250&h=250&dpr=2&auto=format&q=50&fit=crop&crop=focalpoint&fp-x=0.5&fp-y=0,full/130-Jimmy Choo.jpg
132,Chanel,2021 Q1-Desktop,https://baymard.com/ecommerce-design-examples/58-account-dashboard/7122-chanel,https://baymard-assets.imgix.net/benchmark_webpages/screenshots/7122/original/chanel-account-dashboard.png?w=250&h=250&dpr=2&auto=format&q=50&fit=crop&crop=focalpoint&fp-x=0.5&fp-y=0,full/132-Chanel.jpg
134,Sainsbury’s,2021 Q1-Desktop,https://baymard.com/ecommerce-design-examples/58-account-dashboard/7418-sainsbury-s,https://baymard-assets.imgix.net/benchmark_webpages/screenshots/7418/original/sainsbury-s-account-dashboard.png?w=250&h=250&dpr=2&auto=format&q=50&fit=crop&crop=focalpoint&fp-x=0.5&fp-y=0,full/134-Sainsbury’s.jpg
133,Orange,2021 Q1-Desktop,https://baymard.com/ecommerce-design-examples/58-account-dashboard/7316-orange,https://baymard-assets.imgix.net/benchmark_webpages/screenshots/7316/original/orange-account-dashboard.png?w=250&h=250&dpr=2&auto=format&q=50&fit=crop&crop=focalpoint&fp-x=0.5&fp-y=0,full/133-Orange.jpg
136,Peapod,2021 Q1-Desktop,https://baymard.com/ecommerce-design-examples/58-account-dashboard/7440-peapod,https://baymard-assets.imgix.net/benchmark_webpages/screenshots/7440/original/peapod-account-dashboard.png?w=250&h=250&dpr=2&auto=format&q=50&fit=crop&crop=focalpoint&fp-x=0.5&fp-y=0,full/136-Peapod.jpg
138,Ocado,2021 Q1-Desktop,https://baymard.com/ecommerce-design-examples/58-account-dashboard/7430-ocado,https://baymard-assets.imgix.net/benchmark_webpages/screenshots/7430/original/ocado-account-dashboard.png?w=250&h=250&dpr=2&auto=format&q=50&fit=crop&crop=focalpoint&fp-x=0.5&fp-y=0,full/138-Ocado.jpg
137,FreshDirect,2021 Q1-Desktop,https://baymard.com/ecommerce-design-examples/58-account-dashboard/7435-fresh-direct,https://baymard-assets.imgix.net/benchmark_webpages/screenshots/7435/original/fresh-direct-account-dashboard.png?w=250&h=250&dpr=2&auto=format&q=50&fit=crop&crop=focalpoint&fp-x=0.5&fp-y=0,full/137-FreshDirect.jpg
135,Albertsons,2021 Q1-Desktop,https://baymard.com/ecommerce-design-examples/58-account-dashboard/7424-albertsons,https://baymard-assets.imgix.net/benchmark_webpages/screenshots/7424/original/albertsons-account-dashboard.png?w=250&h=250&dpr=2&auto=format&q=50&fit=crop&crop=focalpoint&fp-x=0.5&fp-y=0,full/135-Albertsons.jpg
139,Cole-Parmer,2020 Q4-Desktop,https://baymard.com/ecommerce-design-examples/58-account-dashboard/6702-cole-parmer,https://baymard-assets.imgix.net/benchmark_webpages/screenshots/6702/original/cole-parmer-account-dashboard.png?w=250&h=250&dpr=2&auto=format&q=50&fit=crop&crop=focalpoint&fp-x=0.5&fp-y=0,full/139-Cole-Parmer.jpg
141,Arrow,2020 Q4-Desktop,https://baymard.com/ecommerce-design-examples/58-account-dashboard/6693-arrow,https://baymard-assets.imgix.net/benchmark_webpages/screenshots/6693/original/arrow-account-dashboard.png?w=250&h=250&dpr=2&auto=format&q=50&fit=crop&crop=focalpoint&fp-x=0.5&fp-y=0,full/141-Arrow.jpg
131,Gucci,2021 Q1-Desktop,https://baymard.com/ecommerce-design-examples/58-account-dashboard/7115-gucci,https://baymard-assets.imgix.net/benchmark_webpages/screenshots/7115/original/gucci-account-dashboard.png?w=250&h=250&dpr=2&auto=format&q=50&fit=crop&crop=focalpoint&fp-x=0.5&fp-y=0,full/131-Gucci.jpg
143,Thermo Fisher,2020 Q4-Desktop,https://baymard.com/ecommerce-design-examples/58-account-dashboard/6700-thermo-fischer,https://baymard-assets.imgix.net/benchmark_webpages/screenshots/6700/original/thermofischer-account-dashboard.png?w=250&h=250&dpr=2&auto=format&q=50&fit=crop&crop=focalpoint&fp-x=0.5&fp-y=0,full/143-Thermo Fisher.jpg
140,Bell,2021 Q1-Desktop,https://baymard.com/ecommerce-design-examples/58-account-dashboard/7320-bell,https://baymard-assets.imgix.net/benchmark_webpages/screenshots/7320/original/bell-account-dashboard.png?w=250&h=250&dpr=2&auto=format&q=50&fit=crop&crop=focalpoint&fp-x=0.5&fp-y=0,full/140-Bell.jpg
146,Amazon,2018 Q4-Desktop,https://baymard.com/ecommerce-design-examples/58-account-dashboard/4022-amazon,https://baymard-assets.imgix.net/benchmark_webpages/screenshots/4022/original/amazon-account-dashboard.png?w=250&h=250&dpr=2&auto=format&q=50&fit=crop&crop=focalpoint&fp-x=0.5&fp-y=0,full/146-Amazon.jpg
144,Nike,2018 Q4-Desktop,https://baymard.com/ecommerce-design-examples/58-account-dashboard/3901-nike,https://baymard-assets.imgix.net/benchmark_webpages/screenshots/3901/original/nike-account-dashboard.png?w=250&h=250&dpr=2&auto=format&q=50&fit=crop&crop=focalpoint&fp-x=0.5&fp-y=0,full/144-Nike.jpg
142,Berlin Packaging,2020 Q4-Desktop,https://baymard.com/ecommerce-design-examples/58-account-dashboard/6688-berlin-packaging,https://baymard-assets.imgix.net/benchmark_webpages/screenshots/6688/original/berlin-packaging-account-dashboard.png?w=250&h=250&dpr=2&auto=format&q=50&fit=crop&crop=focalpoint&fp-x=0.5&fp-y=0,full/142-Berlin Packaging.jpg
48,Argos,2021 Q3-Desktop,https://baymard.com/ecommerce-design-examples/58-account-dashboard/9494-argos,https://baymard-assets.imgix.net/benchmark_webpages/screenshots/9494/original/argos-account-dashboard.png?w=250&h=250&dpr=2&auto=format&q=50&fit=crop&crop=focalpoint&fp-x=0.5&fp-y=0,full/48-Argos.jpg
148,H&M,2019 Q1-Desktop,https://baymard.com/ecommerce-design-examples/58-account-dashboard/4014-h-m,https://baymard-assets.imgix.net/benchmark_webpages/screenshots/4014/original/h-m-account-dashboard.png?w=250&h=250&dpr=2&auto=format&q=50&fit=crop&crop=focalpoint&fp-x=0.5&fp-y=0,full/148-H&M.jpg
149,Apple,2019 Q1-Desktop,https://baymard.com/ecommerce-design-examples/58-account-dashboard/4059-apple,https://baymard-assets.imgix.net/benchmark_webpages/screenshots/4059/original/apple-account-dashboard.png?w=250&h=250&dpr=2&auto=format&q=50&fit=crop&crop=focalpoint&fp-x=0.5&fp-y=0,full/149-Apple.jpg
145,Staples,2018 Q4-Desktop,https://baymard.com/ecommerce-design-examples/58-account-dashboard/3965-staples,https://baymard-assets.imgix.net/benchmark_webpages/screenshots/3965/original/staples-account-dashboard.png?w=250&h=250&dpr=2&auto=format&q=50&fit=crop&crop=focalpoint&fp-x=0.5&fp-y=0,full/145-Staples.jpg
147,Hayneedle,2018 Q4-Desktop,https://baymard.com/ecommerce-design-examples/58-account-dashboard/3933-hayneedle,https://baymard-assets.imgix.net/benchmark_webpages/screenshots/3933/original/hayneedle-account-dashboard.png?w=250&h=250&dpr=2&auto=format&q=50&fit=crop&crop=focalpoint&fp-x=0.5&fp-y=0,full/147-Hayneedle.jpg
151,Lowe’s,2018 Q4-Desktop,https://baymard.com/ecommerce-design-examples/58-account-dashboard/3941-lowe-s,https://baymard-assets.imgix.net/benchmark_webpages/screenshots/3941/original/lowe-s-account-dashboard.png?w=250&h=250&dpr=2&auto=format&q=50&fit=crop&crop=focalpoint&fp-x=0.5&fp-y=0,full/151-Lowe’s.jpg
53,Grainger,2021 Q3-Desktop,https://baymard.com/ecommerce-design-examples/58-account-dashboard/9421-grainger,https://baymard-assets.imgix.net/benchmark_webpages/screenshots/9421/original/grainger-account-dashboard.png?w=250&h=250&dpr=2&auto=format&q=50&fit=crop&crop=focalpoint&fp-x=0.5&fp-y=0,full/53-Grainger.jpg
51,Crate & Barrel,2021 Q3-Desktop,https://baymard.com/ecommerce-design-examples/58-account-dashboard/9426-crate-barrel,https://baymard-assets.imgix.net/benchmark_webpages/screenshots/9426/original/crate-barrel-account-dashboard.png?w=250&h=250&dpr=2&auto=format&q=50&fit=crop&crop=focalpoint&fp-x=0.5&fp-y=0,full/51-Crate & Barrel.jpg
56,Zalando,2021 Q3-Desktop,https://baymard.com/ecommerce-design-examples/58-account-dashboard/9563-zalando,https://baymard-assets.imgix.net/benchmark_webpages/screenshots/9563/original/zalando-account-dashboard.png?w=250&h=250&dpr=2&auto=format&q=50&fit=crop&crop=focalpoint&fp-x=0.5&fp-y=0,full/56-Zalando.jpg
46,J.C. Penney,2021 Q3-Desktop,https://baymard.com/ecommerce-design-examples/58-account-dashboard/9474-jc-penney,https://baymard-assets.imgix.net/benchmark_webpages/screenshots/9474/original/j-c-penney-account-dashboard.png?w=250&h=250&dpr=2&auto=format&q=50&fit=crop&crop=focalpoint&fp-x=0.5&fp-y=0,full/46-J.C. Penney.jpg
150,HP,2019 Q1-Desktop,https://baymard.com/ecommerce-design-examples/58-account-dashboard/4094-hp,https://baymard-assets.imgix.net/benchmark_webpages/screenshots/4094/original/hp-account-dashboard.png?w=250&h=250&dpr=2&auto=format&q=50&fit=crop&crop=focalpoint&fp-x=0.5&fp-y=0,full/150-HP.jpg
153,Argos,2019 Q1-Desktop,https://baymard.com/ecommerce-design-examples/58-account-dashboard/4008-argos,https://baymard-assets.imgix.net/benchmark_webpages/screenshots/4008/original/argos-account-dashboard.png?w=250&h=250&dpr=2&auto=format&q=50&fit=crop&crop=focalpoint&fp-x=0.5&fp-y=0,full/153-Argos.jpg
154,Microsoft,2019 Q1-Desktop,https://baymard.com/ecommerce-design-examples/58-account-dashboard/4103-microsoft,https://baymard-assets.imgix.net/benchmark_webpages/screenshots/4103/original/microsoft-account-dashboard.png?w=250&h=250&dpr=2&auto=format&q=50&fit=crop&crop=focalpoint&fp-x=0.5&fp-y=0,full/154-Microsoft.jpg
59,Costco,2021 Q3-Desktop,https://baymard.com/ecommerce-design-examples/58-account-dashboard/9509-costco,https://baymard-assets.imgix.net/benchmark_webpages/screenshots/9509/original/costco-account-dashboard.png?w=250&h=250&dpr=2&auto=format&q=50&fit=crop&crop=focalpoint&fp-x=0.5&fp-y=0,full/59-Costco.jpg
152,Grainger,2019 Q1-Desktop,https://baymard.com/ecommerce-design-examples/58-account-dashboard/4067-grainger,https://baymard-assets.imgix.net/benchmark_webpages/screenshots/4067/original/grainger-account-dashboard.png?w=250&h=250&dpr=2&auto=format&q=50&fit=crop&crop=focalpoint&fp-x=0.5&fp-y=0,full/152-Grainger.jpg
158,Northern Tool,2018 Q4-Desktop,https://baymard.com/ecommerce-design-examples/58-account-dashboard/3909-northern-tool,https://baymard-assets.imgix.net/benchmark_webpages/screenshots/3909/original/northern-tool-account-dashboard.png?w=250&h=250&dpr=2&auto=format&q=50&fit=crop&crop=focalpoint&fp-x=0.5&fp-y=0,full/158-Northern Tool.jpg
157,Best Buy,2018 Q4-Desktop,https://baymard.com/ecommerce-design-examples/58-account-dashboard/3956-best-buy,https://baymard-assets.imgix.net/benchmark_webpages/screenshots/3956/original/best-buy-account-dashboard.png?w=250&h=250&dpr=2&auto=format&q=50&fit=crop&crop=focalpoint&fp-x=0.5&fp-y=0,full/157-Best Buy.jpg
159,Costco,2019 Q1-Desktop,https://baymard.com/ecommerce-design-examples/58-account-dashboard/4146-costco,https://baymard-assets.imgix.net/benchmark_webpages/screenshots/4146/original/costco-account-dashboard.png?w=250&h=250&dpr=2&auto=format&q=50&fit=crop&crop=focalpoint&fp-x=0.5&fp-y=0,full/159-Costco.jpg
160,GAP,2019 Q1-Desktop,https://baymard.com/ecommerce-design-examples/58-account-dashboard/4113-gap,https://baymard-assets.imgix.net/benchmark_webpages/screenshots/4113/original/gap-account-dashboard.png?w=250&h=250&dpr=2&auto=format&q=50&fit=crop&crop=focalpoint&fp-x=0.5&fp-y=0,full/160-GAP.jpg
156,Office Depot,2019 Q1-Desktop,https://baymard.com/ecommerce-design-examples/58-account-dashboard/4051-office-depot,https://baymard-assets.imgix.net/benchmark_webpages/screenshots/4051/original/office-depot-account-dashboard-address-book-stored-credit-cards.png?w=250&h=250&dpr=2&auto=format&q=50&fit=crop&crop=focalpoint&fp-x=0.5&fp-y=0,full/156-Office Depot.jpg
163,Wayfair,2018 Q3-Desktop,https://baymard.com/ecommerce-design-examples/58-account-dashboard/3846-wayfair,https://baymard-assets.imgix.net/benchmark_webpages/screenshots/3846/original/wayfair-account-dashboard.png?w=250&h=250&dpr=2&auto=format&q=50&fit=crop&crop=focalpoint&fp-x=0.5&fp-y=0,full/163-Wayfair.jpg
162,Victoria’s Secret,2019 Q1-Desktop,https://baymard.com/ecommerce-design-examples/58-account-dashboard/4123-victoria-s-secret,https://baymard-assets.imgix.net/benchmark_webpages/screenshots/4123/original/victoria-s-secret-account-dashboard-orders-overview.png?w=250&h=250&dpr=2&auto=format&q=50&fit=crop&crop=focalpoint&fp-x=0.5&fp-y=0,full/162-Victoria’s Secret.jpg
165,Etsy,2018 Q4-Desktop,https://baymard.com/ecommerce-design-examples/58-account-dashboard/3949-etsy,https://baymard-assets.imgix.net/benchmark_webpages/screenshots/3949/original/etsy-account-dashboard.png?w=250&h=250&dpr=2&auto=format&q=50&fit=crop&crop=focalpoint&fp-x=0.5&fp-y=0,full/165-Etsy.jpg
166,John Lewis,2018 Q4-Desktop,https://baymard.com/ecommerce-design-examples/58-account-dashboard/3987-john-lewis,https://baymard-assets.imgix.net/benchmark_webpages/screenshots/3987/original/john-lewis-account-dashboard.png?w=250&h=250&dpr=2&auto=format&q=50&fit=crop&crop=focalpoint&fp-x=0.5&fp-y=0,full/166-John Lewis.jpg
170,Urban Outfitters,2018 Q4-Desktop,https://baymard.com/ecommerce-design-examples/58-account-dashboard/3972-urban-outfitters,https://baymard-assets.imgix.net/benchmark_webpages/screenshots/3972/original/urban-outfitters-account-dashboard.png?w=250&h=250&dpr=2&auto=format&q=50&fit=crop&crop=focalpoint&fp-x=0.5&fp-y=0,full/170-Urban Outfitters.jpg
164,Macy’s,2018 Q3-Desktop,https://baymard.com/ecommerce-design-examples/58-account-dashboard/3893-macy-s,https://baymard-assets.imgix.net/benchmark_webpages/screenshots/3893/original/macy-s-account-dashboard.png?w=250&h=250&dpr=2&auto=format&q=50&fit=crop&crop=focalpoint&fp-x=0.5&fp-y=0,full/164-Macy’s.jpg
161,Dell,2019 Q1-Desktop,https://baymard.com/ecommerce-design-examples/58-account-dashboard/4083-dell,https://baymard-assets.imgix.net/benchmark_webpages/screenshots/4083/original/dell-account-dashboard.png?w=250&h=250&dpr=2&auto=format&q=50&fit=crop&crop=focalpoint&fp-x=0.5&fp-y=0,full/161-Dell.jpg
168,Crate & Barrel,2018 Q4-Desktop,https://baymard.com/ecommerce-design-examples/58-account-dashboard/3917-crate-barrel,https://baymard-assets.imgix.net/benchmark_webpages/screenshots/3917/original/crate-barrel-account-dashboard.png?w=250&h=250&dpr=2&auto=format&q=50&fit=crop&crop=focalpoint&fp-x=0.5&fp-y=0,full/168-Crate & Barrel.jpg
172,Gilt,2019 Q1-Desktop,https://baymard.com/ecommerce-design-examples/58-account-dashboard/4075-gilt,https://baymard-assets.imgix.net/benchmark_webpages/screenshots/4075/original/gilt-account-dashboard-address-book-stored-credit-cards.png?w=250&h=250&dpr=2&auto=format&q=50&fit=crop&crop=focalpoint&fp-x=0.5&fp-y=0,full/172-Gilt.jpg
175,Walmart,2018 Q3-Desktop,https://baymard.com/ecommerce-design-examples/58-account-dashboard/3819-walmart,https://baymard-assets.imgix.net/benchmark_webpages/screenshots/3819/original/walmart-account-dashboard-orders-overview.png?w=250&h=250&dpr=2&auto=format&q=50&fit=crop&crop=focalpoint&fp-x=0.5&fp-y=0,full/175-Walmart.jpg
171,L.L. Bean,2018 Q4-Desktop,https://baymard.com/ecommerce-design-examples/58-account-dashboard/3979-l-l-bean,https://baymard-assets.imgix.net/benchmark_webpages/screenshots/3979/original/l-l-bean-account-dashboard.png?w=250&h=250&dpr=2&auto=format&q=50&fit=crop&crop=focalpoint&fp-x=0.5&fp-y=0,full/171-L.L. Bean.jpg
167,Marks & Spencer,2019 Q1-Desktop,https://baymard.com/ecommerce-design-examples/58-account-dashboard/4001-marks-spencer,https://baymard-assets.imgix.net/benchmark_webpages/screenshots/4001/original/marks-spencer-account-dashboard.png?w=250&h=250&dpr=2&auto=format&q=50&fit=crop&crop=focalpoint&fp-x=0.5&fp-y=0,full/167-Marks & Spencer.jpg
176,Ann Taylor,2019 Q1-Desktop,https://baymard.com/ecommerce-design-examples/58-account-dashboard/4136-ann-taylor,https://baymard-assets.imgix.net/benchmark_webpages/screenshots/4136/original/ann-taylor-account-dashboard.png?w=250&h=250&dpr=2&auto=format&q=50&fit=crop&crop=focalpoint&fp-x=0.5&fp-y=0,full/176-Ann Taylor.jpg
155,J.C. Penney,2019 Q1-Desktop,https://baymard.com/ecommerce-design-examples/58-account-dashboard/4129-j-c-penney,https://baymard-assets.imgix.net/benchmark_webpages/screenshots/4129/original/j-c-penney-account-dashboard.png?w=250&h=250&dpr=2&auto=format&q=50&fit=crop&crop=focalpoint&fp-x=0.5&fp-y=0,full/155-J.C. Penney.jpg
177,Disney Store,2019 Q1-Desktop,https://baymard.com/ecommerce-design-examples/58-account-dashboard/4039-disney-store,https://baymard-assets.imgix.net/benchmark_webpages/screenshots/4039/original/disney-store-account-dashboard-address-book-stored-credit-cards.png?w=250&h=250&dpr=2&auto=format&q=50&fit=crop&crop=focalpoint&fp-x=0.5&fp-y=0,full/177-Disney Store.jpg
169,Williams Sonoma,2018 Q4-Desktop,https://baymard.com/ecommerce-design-examples/58-account-dashboard/3925-williams-sonoma,https://baymard-assets.imgix.net/benchmark_webpages/screenshots/3925/original/williams-sonoma-account-dashboard.png?w=250&h=250&dpr=2&auto=format&q=50&fit=crop&crop=focalpoint&fp-x=0.5&fp-y=0,full/169-Williams Sonoma.jpg
173,B&H Photo,2018 Q3-Desktop,https://baymard.com/ecommerce-design-examples/58-account-dashboard/3826-b-h-photo,https://baymard-assets.imgix.net/benchmark_webpages/screenshots/3826/original/-account-dashboard.png?w=250&h=250&dpr=2&auto=format&q=50&fit=crop&crop=focalpoint&fp-x=0.5&fp-y=0,full/173-B&H Photo.jpg
180,American Eagle,2018 Q4-Desktop,https://baymard.com/ecommerce-design-examples/58-account-dashboard/3995-american-eagle-outfitters,https://baymard-assets.imgix.net/benchmark_webpages/screenshots/3995/original/american-eagle-outfitters-account-dashboard-address-book-stored-credit-cards.png?w=250&h=250&dpr=2&auto=format&q=50&fit=crop&crop=focalpoint&fp-x=0.5&fp-y=0,full/180-American Eagle.jpg
181,Home Depot,2018 Q3-Desktop,https://baymard.com/ecommerce-design-examples/58-account-dashboard/3833-home-depot,https://baymard-assets.imgix.net/benchmark_webpages/screenshots/3833/original/-account-dashboard.png?w=250&h=250&dpr=2&auto=format&q=50&fit=crop&crop=focalpoint&fp-x=0.5&fp-y=0,full/181-Home Depot.jpg
183,Target,2018 Q3-Desktop,https://baymard.com/ecommerce-design-examples/58-account-dashboard/3862-target,https://baymard-assets.imgix.net/benchmark_webpages/screenshots/3862/original/target-account-dashboard.png?w=250&h=250&dpr=2&auto=format&q=50&fit=crop&crop=focalpoint&fp-x=0.5&fp-y=0,full/183-Target.jpg
186,Rakuten,2019 Q1-Desktop,https://baymard.com/ecommerce-design-examples/58-account-dashboard/4044-rakuten,https://baymard-assets.imgix.net/benchmark_webpages/screenshots/4044/original/rakuten-account-dashboard.png?w=250&h=250&dpr=2&auto=format&q=50&fit=crop&crop=focalpoint&fp-x=0.5&fp-y=0,full/186-Rakuten.jpg
182,Crutchfield,2018 Q3-Desktop,https://baymard.com/ecommerce-design-examples/58-account-dashboard/3870-crutchfield,https://baymard-assets.imgix.net/benchmark_webpages/screenshots/3870/original/crutchfield-account-dashboard.png?w=250&h=250&dpr=2&auto=format&q=50&fit=crop&crop=focalpoint&fp-x=0.5&fp-y=0,full/182-Crutchfield.jpg
179,ASOS,2018 Q3-Desktop,https://baymard.com/ecommerce-design-examples/58-account-dashboard/3854-asos,https://baymard-assets.imgix.net/benchmark_webpages/screenshots/3854/original/asos-account-dashboard.png?w=250&h=250&dpr=2&auto=format&q=50&fit=crop&crop=focalpoint&fp-x=0.5&fp-y=0,full/179-ASOS.jpg
178,Overstock,2018 Q3-Desktop,https://baymard.com/ecommerce-design-examples/58-account-dashboard/3885-overstock,https://baymard-assets.imgix.net/benchmark_webpages/screenshots/3885/original/overstock-account-dashboard.png?w=250&h=250&dpr=2&auto=format&q=50&fit=crop&crop=focalpoint&fp-x=0.5&fp-y=0,full/178-Overstock.jpg
184,Kohl’s,2018 Q3-Desktop,https://baymard.com/ecommerce-design-examples/58-account-dashboard/3877-kohl-s,https://baymard-assets.imgix.net/benchmark_webpages/screenshots/3877/original/kohl-s-account-dashboard.png?w=250&h=250&dpr=2&auto=format&q=50&fit=crop&crop=focalpoint&fp-x=0.5&fp-y=0,full/184-Kohl’s.jpg
174,Grainger,2019 Q1-Desktop,https://baymard.com/ecommerce-design-examples/58-account-dashboard/4066-grainger,https://baymard-assets.imgix.net/benchmark_webpages/screenshots/4066/original/grainger-.png?w=250&h=250&dpr=2&auto=format&q=50&fit=crop&crop=focalpoint&fp-x=0.5&fp-y=0,full/174-Grainger.jpg
185,Sears,2018 Q3-Desktop,https://baymard.com/ecommerce-design-examples/58-account-dashboard/3840-sears,https://baymard-assets.imgix.net/benchmark_webpages/screenshots/3840/original/sears-address-book.png?w=250&h=250&dpr=2&auto=format&q=50&fit=crop&crop=focalpoint&fp-x=0.5&fp-y=0,full/185-Sears.jpg
